Sr.No.,Player Name,Inn,NO,Runs,HS,Ave,Balls,SR,100,50,30,0,4s,6s,BpB,Bp4,Bp6,PrB,Pr4,Pr6,BBP,RpB,BIx,RpNB,ScIx,RpI,BpI,Eff,Basra,ABP
1,Abhishek Sharma,3,2,63,46*,63,33,190.91,-,-,1,-,3,5,4.13,11,6.6,66.67,19.05,47.62,24.24,5.25,127.27,0.84,106.91,21,11,51.86,253.91,6
2,Morne van Wyk,5,2,167,74*,55.67,132,126.52,-,1,2,1,19,1,6.6,6.95,132,49.1,45.51,3.59,15.15,4.1,62.12,0.76,47.15,33.4,26.4,60.06,182.18,3.8
3,Vijay Shankar,15,9,313,63,52.17,223,140.36,-,2,2,-,23,12,6.37,9.7,18.58,52.4,29.39,23,15.7,4.69,73.54,0.79,58.29,20.87,14.87,10.94,192.53,5.53
4,Jagadeesha Suchith,6,5,48,34*,48,32,150,-,-,1,-,4,2,5.33,8,16,58.33,33.33,25,18.75,4.67,87.5,0.77,67.31,8,5.33,-54.55,198,7.67
5,Adam Voges,7,3,181,45*,45.25,143,126.57,-,-,2,-,15,3,7.94,9.53,47.67,43.09,33.15,9.94,12.59,4.33,54.55,0.82,44.95,25.86,20.43,23.97,171.82,5.57
6,Hashim Amla,16,3,577,104,44.38,407,141.77,2,3,1,2,60,21,5.02,6.78,19.38,63.43,41.59,21.84,19.9,4.52,89.93,0.65,58.2,36.06,25.44,93.66,186.15,1.56
7,Iqbal Abdulla,13,11,88,33*,44,84,104.76,-,-,1,1,9,1,8.4,9.33,84,47.73,40.91,6.82,11.9,4.2,50,0.62,31.08,6.77,6.46,-73.14,148.76,9.15
8,Kane Williamson,32,5,1146,89*,42.44,834,137.41,-,11,6,1,98,39,6.09,8.51,21.38,54.62,34.21,20.42,16.43,4.57,75.06,0.75,56,35.81,26.06,86.4,179.85,3.06
9,Chris Gayle,111,14,3994,175,41.18,2650,150.72,6,24,19,7,323,292,4.31,8.2,9.08,76.21,32.35,43.87,23.21,4.95,114.87,0.47,53.62,35.98,23.87,105.42,191.89,1.49
10,Paul Collingwood,7,2,203,75,40.6,156,130.13,-,3,-,-,9,13,7.09,17.33,12,56.16,17.73,38.42,14.1,5.18,73.08,0.66,48.54,29,22.29,42.94,170.73,4.71
11,David Warner,114,15,4014,126,40.55,2824,142.14,3,36,18,7,401,160,5.03,7.04,17.65,63.88,39.96,23.92,19.87,4.57,90.79,0.64,58.18,35.21,24.77,89.58,182.68,1.71
12,MS Dhoni,158,58,4016,79,40.16,2906,138.2,-,20,34,3,275,186,6.3,10.57,15.62,55.18,27.39,27.79,15.86,4.81,76.26,0.74,56.14,25.42,18.39,33.05,178.36,4.8
13,Lendl Simmons,29,2,1079,100,39.96,852,126.64,1,11,5,2,109,44,5.57,7.82,19.36,64.87,40.41,24.47,17.96,4.58,82.16,0.54,44.55,37.21,29.38,78.48,166.61,1.1
14,Shaun Marsh,69,7,2477,115*,39.95,1866,132.74,1,20,16,1,266,78,5.42,7.02,23.92,61.85,42.96,18.89,18.44,4.45,82.1,0.62,50.98,35.9,27.04,80.5,172.7,2.48
15,Jean-Paul Duminy,77,26,2029,78,39.78,1636,124.02,-,14,13,1,126,79,7.98,12.98,20.71,48.2,24.84,23.36,12.53,4.77,59.78,0.73,43.91,26.35,21.25,23.79,163.81,4.45
16,AB de Villiers,129,29,3953,133*,39.53,2619,150.94,3,28,20,8,326,186,5.12,8.03,14.08,61.22,32.99,28.23,19.55,4.73,92.4,0.73,67.23,30.64,20.3,75.2,190.47,3.83
17,Michael Hussey,58,7,1977,116*,38.76,1612,122.64,1,15,12,1,198,52,6.45,8.14,31,55.84,40.06,15.78,15.51,4.42,68.49,0.64,43.9,34.09,27.79,58.35,161.41,1.67
18,Lokesh Rahul,44,8,1384,95,38.44,993,139.38,-,10,8,1,127,56,5.43,7.82,17.73,60.98,36.71,24.28,18.43,4.61,84.99,0.67,56.66,31.45,22.57,66.06,177.82,2.73
19,Virat Kohli,155,26,4948,113,38.36,3784,130.76,4,34,34,6,434,177,6.19,8.72,21.38,56.55,35.08,21.46,16.15,4.58,73.94,0.68,50.1,31.92,24.41,58.11,169.12,3.12
20,Chris Morris,33,20,485,82,37.31,291,166.67,-,2,3,3,36,25,4.77,8.08,11.64,60.62,29.69,30.93,20.96,4.82,101.03,0.83,83.9,14.7,8.82,-7.22,203.97,7.27
21,Steven Smith,62,16,1703,101,37.02,1293,131.71,1,5,19,1,150,45,6.63,8.62,28.73,51.09,35.23,15.85,15.08,4.46,67.29,0.76,51.05,27.47,20.85,37.04,168.73,4.18
22,Matthew Hayden,32,2,1107,93,36.9,805,137.52,-,8,9,1,121,44,4.88,6.65,18.3,67.57,43.72,23.85,20.5,4.53,92.92,0.56,52.12,34.59,25.16,80.2,174.42,2
23,Andrew Symonds,36,9,974,117,36.07,750,129.87,1,5,8,-,74,41,6.52,10.14,18.29,55.65,30.39,25.26,15.33,4.71,72.27,0.68,49.16,27.06,20.83,33.09,165.94,4.67
24,Abu Nechim,6,5,36,18*,36,26,138.46,-,-,-,-,4,1,5.2,6.5,26,61.11,44.44,16.67,19.23,4.4,84.62,0.67,56.41,6,4.33,-68.53,174.46,9
25,Kevin Pietersen,36,8,1001,103,35.75,743,134.72,1,4,10,4,91,40,5.67,8.16,18.58,60.34,36.36,23.98,17.63,4.61,81.29,0.65,52.73,27.81,20.64,41.9,170.47,3.06
26,Rishabh Pant,38,3,1248,128,35.66,767,162.71,1,8,10,4,115,67,4.21,6.67,11.45,69.07,36.86,32.21,23.73,4.74,112.39,0.66,74.16,32.84,20.18,102.42,198.37,4.11
27,David Miller,67,21,1637,101,35.59,1169,140.03,1,8,11,1,107,80,6.25,10.93,14.61,55.47,26.15,29.32,16,4.86,77.67,0.74,57.66,24.43,17.45,29.6,175.62,4.85
28,Bodapati Sumanth,4,3,35,16,35,37,94.59,-,-,-,-,3,-,12.33,12.33,-,34.29,34.29,-,8.11,4,32.43,0.68,21.94,8.75,9.25,-68.65,129.59,7.25
28,Chris Lynn,28,3,875,93,35,620,141.13,-,6,6,1,87,41,4.84,7.13,15.12,67.89,39.77,28.11,20.65,4.64,95.81,0.57,54.72,31.25,22.14,67.06,176.13,2
30,Jos Buttler,37,6,1075,95,34.68,714,150.56,-,6,5,1,102,47,4.79,7,15.19,64.19,37.95,26.23,20.87,4.63,96.64,0.68,65.85,29.05,19.3,65.7,185.24,3.59
31,Suresh Raina,172,27,4985,100,34.38,3600,138.47,1,35,34,7,448,185,5.69,8.04,19.46,58.21,35.95,22.27,17.58,4.58,80.61,0.7,56.59,28.98,20.93,52.02,172.85,3.13
32,Shubman Gill,11,5,203,57,33.83,139,146.04,-,1,2,-,22,5,5.15,6.32,27.8,58.13,43.35,14.78,19.42,4.37,84.89,0.76,64.43,18.45,12.64,2.09,179.88,6
32,Sachin Tendulkar,78,9,2334,100*,33.83,1948,119.82,1,13,23,4,295,29,6.01,6.6,67.17,58.01,50.56,7.46,16.63,4.18,69.51,0.6,41.94,29.92,24.97,35.8,153.64,2.06
34,Owais Shah,22,7,506,76*,33.73,389,130.08,-,4,2,-,34,23,6.82,11.44,16.91,54.15,26.88,27.27,14.65,4.81,70.44,0.7,49.22,23,17.68,13.32,163.81,4.68
35,Brad Hodge,63,21,1400,73,33.33,1118,125.22,-,6,15,3,122,43,6.78,9.16,26,53.29,34.86,18.43,14.76,4.52,66.73,0.69,45.79,22.22,17.75,5.41,158.56,4.4
36,Shikhar Dhawan,142,20,4058,95*,33.26,3285,123.53,-,32,23,5,460,85,6.03,7.14,38.65,57.91,45.34,12.57,16.59,4.31,71.54,0.62,44.59,28.58,23.13,33.72,156.79,2.02
37,Ajinkya Rahane,119,15,3427,103,32.95,2848,120.33,1,26,23,10,359,65,6.72,7.93,43.82,53.28,41.9,11.38,14.89,4.31,64.12,0.66,42.35,28.8,23.93,31.26,153.28,1.87
38,Shane Watson,113,15,3177,117,32.42,2250,141.2,4,16,22,4,300,157,4.92,7.5,14.33,67.42,37.77,29.65,20.31,4.69,95.2,0.58,54.95,28.12,19.91,50.37,173.62,2.95
39,Ben Rohrer,8,2,193,64,32.17,140,137.86,-,1,2,-,21,5,5.38,6.67,28,59.07,43.52,15.54,18.57,4.38,81.43,0.69,56.43,24.13,17.5,25.98,170.02,5.25
40,Rohit Sharma,168,27,4493,109,31.87,3429,131.03,1,34,27,12,379,184,6.09,9.05,18.64,58.31,33.74,24.57,16.42,4.65,76.41,0.65,49.93,26.74,20.41,32.74,162.89,3.58
41,David Wiese,8,4,127,47*,31.75,90,141.11,-,-,1,-,12,4,5.63,7.5,22.5,56.69,37.8,18.9,17.78,4.5,80,0.74,59.46,15.88,11.25,-15.15,172.86,6.75
42,Basil Thampi,7,6,31,13*,31,34,91.18,-,-,-,-,1,1,17,34,34,32.26,12.9,19.35,5.88,5,29.41,0.66,19.3,4.43,4.86,-84.71,122.18,9.29
42,Andrew Flintoff,3,1,62,24,31,53,116.98,-,-,-,-,5,2,7.57,10.6,26.5,51.61,32.26,19.35,13.21,4.57,60.38,0.65,39.38,20.67,17.67,-8.42,147.98,4.67
44,Gautam Gambhir,153,16,4218,93*,30.79,3404,123.91,-,36,22,13,492,59,6.18,6.92,57.69,55.05,46.66,8.39,16.19,4.21,68.21,0.66,45.33,27.57,22.25,29.4,154.7,1.99
45,Krunal Pandya,33,10,708,86*,30.78,460,153.91,-,1,9,-,68,30,4.69,6.76,15.33,63.84,38.42,25.42,21.3,4.61,98.26,0.71,69.49,21.45,13.94,25.08,184.7,5.7
46,Subramaniam Badrinath,67,20,1441,71*,30.66,1212,118.89,-,11,12,6,154,28,6.66,7.87,43.29,54.41,42.75,11.66,15.02,4.31,64.69,0.64,41.26,21.51,18.09,-3.14,149.55,4.9
47,Shreyas Iyer,46,6,1218,96,30.45,938,129.85,-,10,8,5,108,53,5.83,8.69,17.7,61.58,35.47,26.11,17.16,4.66,79.96,0.6,48.16,26.48,20.39,30.24,160.3,2.93
48,Faf du Plessis,52,4,1457,73,30.35,1141,127.7,-,9,13,2,127,44,6.67,8.98,25.93,52.99,34.87,18.12,14.99,4.51,67.66,0.71,47.78,28.02,21.94,35.53,158.05,2.88
49,Niraj Patel,6,2,121,57,30.25,119,101.68,-,1,1,-,14,1,7.93,8.5,119,51.24,46.28,4.96,12.61,4.13,52.1,0.57,29.56,20.17,19.83,-22.33,131.93,4.17
50,Jason Roy,8,2,179,91,29.83,134,133.58,-,1,1,-,18,8,5.15,7.44,16.75,67.04,40.22,26.82,19.4,4.62,89.55,0.55,48.92,22.38,16.75,13.22,163.42,2
51,James Franklin,16,5,327,79,29.73,301,108.64,-,1,2,-,25,8,9.12,12.04,37.63,45.26,30.58,14.68,10.96,4.48,49.17,0.67,32.84,20.44,18.81,-15.9,138.37,3.81
52,Yusuf Pathan,146,39,3164,100,29.57,2196,144.08,1,13,24,8,261,157,5.25,8.41,13.99,62.77,33,29.77,19.03,4.75,90.44,0.66,59.92,21.67,15.04,18.27,173.65,4.78
53,Ravi Bopara,22,4,531,84,29.5,453,117.22,-,3,3,2,39,16,8.24,11.62,28.31,47.46,29.38,18.08,12.14,4.58,55.63,0.7,39,24.14,20.59,7.17,146.72,2.77
54,Evin Lewis,13,-,382,65,29.38,276,138.41,-,2,4,2,32,24,4.93,8.63,11.5,71.2,33.51,37.7,20.29,4.86,98.55,0.5,49.28,29.38,21.23,54.05,167.79,2
55,Ambati Rayudu,123,20,3018,100,29.3,2317,130.25,1,17,26,10,258,113,6.25,8.98,20.5,56.66,34.19,22.47,16.01,4.61,73.8,0.67,49.61,24.54,18.84,21.06,159.56,4.27
56,Travis Head,10,3,205,75,29.29,148,138.51,-,1,3,1,12,8,7.4,12.33,18.5,46.83,23.41,23.41,13.51,4.8,64.86,0.85,55.24,20.5,14.8,7.56,167.8,3.9
57,Manoj Tiwary,85,26,1695,75,28.73,1449,116.98,-,7,18,8,156,40,7.39,9.29,36.23,50.97,36.81,14.16,13.53,4.41,59.63,0.66,39.55,19.94,17.05,-11.64,145.71,4.61
58,Robin Uthappa,159,15,4129,87,28.67,3135,131.71,-,23,37,6,407,146,5.67,7.7,21.47,60.64,39.43,21.22,17.64,4.53,79.87,0.63,50.27,25.97,19.72,29.55,160.38,2.61
59,Mahela Jayawardene,78,15,1802,110,28.6,1462,123.26,1,10,12,2,200,39,6.12,7.31,37.49,57.38,44.4,12.99,16.35,4.33,70.73,0.63,44.41,23.1,18.74,7.86,151.86,3.31
60,Jacques Kallis,96,11,2427,89,28.55,2222,109.23,-,17,17,9,254,44,7.46,8.75,50.5,52.74,41.86,10.88,13.41,4.3,57.61,0.6,34.34,25.28,23.15,4.6,137.78,2.31
61,Moises Henriques,50,16,969,74,28.5,756,128.17,-,5,7,2,87,27,6.63,8.69,28,52.63,35.91,16.72,15.08,4.47,67.46,0.72,48.23,19.38,15.12,-5.91,156.67,4.32
62,Graeme Smith,29,3,739,91,28.42,668,110.63,-,4,5,3,94,9,6.49,7.11,74.22,58.19,50.88,7.31,15.42,4.17,64.37,0.55,35.2,25.48,23.03,6.79,139.05,1.45
63,Dwayne Smith,89,5,2385,87,28.39,1764,135.2,-,17,18,8,245,117,4.87,7.2,15.08,70.52,41.09,29.43,20.52,4.65,95.35,0.5,47.81,26.8,19.82,37.24,163.6,2.37
64,Saurabh Tiwary,65,20,1276,61,28.36,1067,119.59,-,7,9,1,93,45,7.73,11.47,23.71,50.31,29.15,21.16,12.93,4.65,60.17,0.68,41.06,19.63,16.42,-11.08,147.94,4.78
65,Rahul Dravid,82,5,2174,75,28.23,1882,115.52,-,11,21,3,268,28,6.36,7.02,67.21,57.04,49.31,7.73,15.73,4.19,65.89,0.59,38.8,26.51,22.95,16.01,143.75,2.84
66,Mark Boucher,24,10,394,50,28.14,309,127.51,-,1,5,-,32,13,6.87,9.66,23.77,52.28,32.49,19.8,14.56,4.58,66.67,0.71,47.47,16.42,12.88,-20.71,155.65,5.75
66,Kieron Pollard,121,33,2476,78,28.14,1699,145.73,-,13,14,3,167,154,5.29,10.17,11.03,64.3,26.98,37.32,18.89,4.96,93.7,0.64,60.11,20.46,14.04,12.96,173.87,5.41
68,Quinton de Kock,34,1,927,108,28.09,711,130.38,1,6,6,1,110,29,5.12,6.46,24.52,66.24,47.46,18.77,19.55,4.42,86.36,0.55,47.25,27.26,20.91,34.65,158.47,1.21
69,Manish Pandey,109,20,2499,114,28.08,2090,119.57,1,12,19,12,219,69,7.26,9.54,30.29,51.62,35.05,16.57,13.78,4.48,61.72,0.67,41.41,22.93,19.17,3.84,147.65,3.23
70,Shadab Jakati,8,7,28,13,28,29,96.55,-,-,-,-,3,-,9.67,9.67,-,42.86,42.86,-,10.34,4,41.38,0.62,25.46,3.5,3.63,-87.2,124.55,9.38
71,Daniel Harris,4,-,111,47,27.75,101,109.9,-,-,2,-,11,5,6.31,9.18,20.2,66.67,39.64,27.03,15.84,4.63,73.27,0.44,31.89,27.75,25.25,15.52,137.65,1
72,Brendon McCullum,109,5,2880,158*,27.69,2186,131.75,2,13,29,6,293,130,5.17,7.46,16.82,67.78,40.69,27.08,19.35,4.61,89.3,0.53,47,26.42,20.06,31.86,159.44,1.83
72,Herschelle Gibbs,36,4,886,69,27.69,807,109.79,-,6,5,4,83,31,7.08,9.72,26.03,58.47,37.47,20.99,14.13,4.54,64.19,0.53,34.09,24.61,22.42,2.35,137.48,2.06
74,Salman Butt,7,-,193,73,27.57,161,119.88,-,1,1,-,30,2,5.03,5.37,80.5,68.39,62.18,6.22,19.88,4.13,81.99,0.47,38.77,27.57,23,25.19,147.45,1
75,Virender Sehwag,104,5,2728,122,27.56,1755,155.44,2,16,17,7,334,106,3.99,5.25,16.56,72.29,48.97,23.31,25.07,4.48,112.36,0.57,64.6,26.23,16.88,54.45,183,1.94
76,Luke Pomersbach,16,5,302,79*,27.45,246,122.76,-,1,2,-,25,13,6.47,9.84,18.92,58.94,33.11,25.83,15.45,4.68,72.36,0.6,43.14,18.88,15.38,-12.23,150.22,3.69
77,Nitish Rana,30,3,741,70,27.44,571,129.77,-,5,5,-,57,39,5.95,10.02,14.64,62.35,30.77,31.58,16.81,4.81,80.91,0.59,47.52,24.7,19.03,21.42,157.22,3.77
78,Sanath Jayasuriya,30,2,768,114,27.43,532,144.36,1,4,5,2,84,39,4.33,6.33,13.64,74.22,43.75,30.47,23.12,4.63,107.14,0.48,51.87,25.6,17.73,39.99,171.79,1.33
79,Adam Gilchrist,80,4,2069,109,27.22,1495,138.39,2,11,13,7,239,92,4.52,6.26,16.25,72.89,46.21,26.68,22.14,4.56,100.87,0.48,48.61,25.86,18.69,35.58,165.62,1.25
79,PP Shaw,9,-,245,65,27.22,160,153.13,-,2,1,-,27,10,4.32,5.93,16,68.57,44.08,24.49,23.13,4.54,105,0.63,65.73,27.22,17.78,57.89,180.35,1
81,David Hussey,61,12,1322,71,26.98,1075,122.98,-,5,14,4,90,60,7.17,11.94,17.92,54.46,27.23,27.23,13.95,4.8,66.98,0.65,43.59,21.67,17.62,0.95,149.96,4.46
82,Andre Russell,39,6,890,88,26.97,502,177.29,-,4,11,1,65,68,3.77,7.72,7.38,75.06,29.21,45.84,26.49,5.02,133.07,0.6,80.06,22.82,12.87,53.25,204.26,5.62
83,Rahul Tripathi,26,3,617,93,26.83,434,142.17,-,3,5,1,61,25,5.05,7.11,17.36,63.86,39.55,24.31,19.82,4.58,90.78,0.64,58.17,23.73,16.69,27.79,168.99,2.92
84,Tillakaratne Dilshan,50,7,1153,76*,26.81,1007,114.5,-,9,8,6,140,24,6.14,7.19,41.96,61.06,48.57,12.49,16.29,4.29,69.91,0.53,37.24,23.06,20.14,0.01,141.31,2.8
85,Dinesh Karthik,150,23,3401,86,26.78,2642,128.73,-,16,33,8,335,87,6.26,7.89,30.37,54.75,39.4,15.35,15.97,4.41,70.48,0.69,48.86,22.67,17.61,10.56,155.51,4.43
86,Sanju Samson,77,7,1867,102*,26.67,1466,127.35,1,10,14,5,142,76,6.72,10.32,19.29,54.85,30.42,24.42,14.87,4.7,69.85,0.68,47.18,24.25,19.04,16.97,154.02,3.26
86,Suryakumar Yadav,56,14,1120,72,26.67,849,131.92,-,5,10,3,115,37,5.59,7.38,22.95,60.89,41.07,19.82,17.9,4.49,80.33,0.63,50.48,20,15.16,-0.06,158.59,4.79
88,Cameron White,45,9,954,78,26.5,755,126.36,-,6,9,4,76,36,6.74,9.93,20.97,54.51,31.87,22.64,14.83,4.64,68.87,0.68,46.49,21.2,16.78,1.47,152.86,4.27
89,Murali Vijay,101,5,2523,127,26.28,2045,123.37,2,13,20,5,237,90,6.25,8.63,22.72,58.98,37.57,21.4,15.99,4.55,72.76,0.6,43.84,24.98,20.25,16.74,149.66,1.61
90,James Hopes,19,3,417,71,26.06,306,136.27,-,4,-,1,49,11,5.1,6.24,27.82,62.83,47,15.83,19.61,4.37,85.62,0.63,53.95,21.95,16.11,13.29,162.34,3.58
91,Nathan McCullum,2,1,26,15,26,22,118.18,-,-,-,-,-,1,22,-,22,23.08,-,23.08,4.55,6,27.27,0.95,25.97,13,11,-41.8,144.18,7
92,Kumar Sangakkara,68,3,1687,94,25.95,1392,121.19,-,10,13,4,195,27,6.27,7.14,51.56,55.84,46.24,9.6,15.95,4.24,67.67,0.64,43.09,24.81,20.47,13.89,147.15,3.24
93,Aaron Finch,73,6,1737,88,25.93,1329,130.7,-,13,10,8,176,67,5.47,7.55,19.84,63.67,40.53,23.14,18.28,4.55,83.22,0.58,48.35,23.79,18.21,17.8,156.63,2.79
94,Kamran Akmal,6,1,128,53,25.6,78,164.1,-,1,-,-,13,8,3.71,6,9.75,78.13,40.63,37.5,26.92,4.76,128.21,0.49,62.98,21.33,13,32.61,189.7,2.67
95,Sourav Ganguly,56,3,1349,91,25.45,1263,106.81,-,7,14,4,137,42,7.06,9.22,30.07,59.3,40.62,18.68,14.17,4.47,63.34,0.51,32.08,24.09,22.55,-2.54,132.26,2.57
96,Ross Taylor,54,14,1017,81,25.43,822,123.72,-,3,8,3,66,46,7.34,12.45,17.87,53.1,25.96,27.14,13.63,4.82,65.69,0.67,44.13,18.83,15.22,-11.74,149.15,4.63
97,Karun Nair,62,4,1459,83,25.16,1133,128.77,-,10,10,2,158,39,5.75,7.17,29.05,59.36,43.32,16.04,17.39,4.4,76.43,0.63,48.42,23.53,18.27,14.78,153.93,3.39
98,Biplab Samantray,8,3,125,55*,25,113,110.62,-,1,1,1,13,2,7.53,8.69,56.5,51.2,41.6,9.6,13.27,4.27,56.64,0.62,35.25,15.63,14.13,-34.53,135.62,6
98,Aniket Choudhary,3,2,25,15*,25,20,125,-,-,-,-,1,1,10,20,20,40,16,24,10,5,50,0.83,41.67,8.33,6.67,-60.54,150,10.33
100,Yuvraj Singh,122,15,2652,83,24.79,2045,129.68,-,12,23,4,210,143,5.79,9.74,14.3,64.03,31.67,32.35,17.26,4.81,83.03,0.56,46.82,21.74,16.76,6.78,154.47,4.2
101,Alex Hales,6,-,148,45,24.67,118,125.42,-,-,3,-,13,6,6.21,9.08,19.67,59.46,35.14,24.32,16.1,4.63,74.58,0.61,45.2,24.67,19.67,17.19,150.09,1.33
102,Andrew McDonald,9,4,123,33,24.6,100,123,-,-,2,1,9,4,7.69,11.11,25,48.78,29.27,19.51,13,4.62,60,0.72,43.45,13.67,11.11,-36.33,147.6,5.56
103,George Bailey,37,10,663,61,24.56,544,121.88,-,2,6,1,59,19,6.97,9.22,28.63,52.79,35.6,17.19,14.34,4.49,64.34,0.67,43.21,17.92,14.7,-17.28,146.43,4.89
104,Corey Anderson,29,7,538,95,24.45,423,127.19,-,3,4,2,40,31,5.96,10.58,13.65,64.31,29.74,34.57,16.78,4.87,81.8,0.55,44.62,18.55,14.59,-10.62,151.64,4.86
105,Ben Cutting,14,5,220,39,24.44,124,177.42,-,-,2,1,14,18,3.88,8.86,6.89,74.55,25.45,49.09,25.81,5.13,132.26,0.61,80.5,15.71,8.86,5.61,201.86,6.43
106,Albie Morkel,68,28,974,73,24.35,686,141.98,-,3,4,3,61,55,5.91,11.25,12.47,58.93,25.05,33.88,16.91,4.95,83.67,0.7,58.72,14.32,10.09,-22.97,166.33,5.94
107,Wriddhiman Saha,90,21,1679,115,24.33,1293,129.85,1,6,10,3,147,58,6.31,8.8,22.29,55.75,35.02,20.73,15.85,4.57,72.39,0.68,49.44,18.66,14.37,-8.24,154.19,4.44
108,Kedar Jadhav,58,20,917,69*,24.13,684,134.06,-,3,7,5,73,35,6.33,9.37,19.54,54.74,31.84,22.9,15.79,4.65,73.39,0.72,52.88,15.81,11.79,-19.71,158.2,5.6
109,Simon Katich,11,1,241,75*,24.1,186,129.57,-,2,1,1,25,8,5.64,7.44,23.25,61.41,41.49,19.92,17.74,4.48,79.57,0.61,48.37,21.91,16.91,7.53,153.67,2.64
110,Yogesh Takawale,10,2,192,45,24,178,107.87,-,-,2,2,26,3,6.14,6.85,59.33,63.54,54.17,9.38,16.29,4.21,68.54,0.47,32.2,19.2,17.8,-21.55,131.87,3.2
111,Marcus Stoinis,15,4,262,52,23.82,208,125.96,-,1,2,1,20,8,7.43,10.4,26,48.86,30.53,18.32,13.46,4.57,61.54,0.74,45.81,17.47,13.87,-16.66,149.78,4.73
112,Hardik Pandya,46,18,666,61*,23.79,480,138.75,-,2,4,2,44,39,5.78,10.91,12.31,61.56,26.43,35.14,17.29,4.94,85.42,0.64,55.08,14.48,10.43,-23.91,162.54,5.96
113,Dwayne Bravo,93,34,1403,70,23.78,1090,128.72,-,5,10,3,111,58,6.45,9.82,18.79,56.45,31.65,24.8,15.5,4.69,72.66,0.66,48.2,15.09,11.72,-26.45,152.5,5.68
114,Ravindra Jadeja,119,42,1821,48,23.65,1483,122.79,-,-,14,6,128,61,7.85,11.59,24.31,48.22,28.12,20.1,12.74,4.65,59.2,0.73,43.15,15.3,12.46,-28.82,146.44,5.82
115,Manan Vohra,45,2,1012,95*,23.53,768,131.77,-,3,12,3,97,39,5.65,7.92,19.69,61.46,38.34,23.12,17.71,4.57,80.99,0.62,49.98,22.49,17.07,12.25,155.31,2.49
116,Bipul Sharma,17,9,187,35,23.38,123,152.03,-,-,1,-,11,9,6.15,11.18,13.67,52.41,23.53,28.88,16.26,4.9,79.67,0.86,68.85,11,7.24,-36.65,175.41,7.53
117,Angelo Mathews,42,11,724,65,23.35,575,125.91,-,1,7,3,44,29,7.88,13.07,19.83,48.34,24.31,24.03,12.7,4.79,60.87,0.75,45.35,17.24,13.69,-17.78,149.27,5.55
118,Ryan ten Doeschate,22,8,326,70,23.29,235,138.72,-,1,3,3,26,15,5.73,9.04,15.67,59.51,31.9,27.61,17.45,4.73,82.55,0.68,56.17,14.82,10.68,-22.14,162.01,5.91
119,Ben Stokes,24,2,512,103,23.27,382,134.03,1,1,4,1,35,21,6.82,10.91,18.19,51.95,27.34,24.61,14.66,4.75,69.63,0.75,52.55,21.33,15.92,8.31,157.3,4.38
120,Michael Lumb,12,-,278,83,23.17,194,143.3,-,1,4,3,45,6,3.8,4.31,32.33,77.7,64.75,12.95,26.29,4.24,111.34,0.43,48.27,23.17,16.17,25.75,166.47,1.08
121,Paul Valthaty,23,1,505,120,22.95,418,120.81,1,2,2,1,60,20,5.23,6.97,20.9,71.29,47.52,23.76,19.14,4.5,86.12,0.43,36.95,21.96,18.17,0.48,143.77,1.91
122,Glenn Maxwell,68,7,1397,95*,22.9,867,161.13,-,6,12,9,109,91,4.34,7.95,9.53,70.29,31.21,39.08,23.07,4.91,113.26,0.62,70.47,20.54,12.75,25.39,184.03,4.04
123,Sachin Rana,8,4,91,19,22.75,81,112.35,-,-,-,-,9,1,8.1,9,81,46.15,39.56,6.59,12.35,4.2,51.85,0.69,35.79,11.38,10.13,-51.59,135.1,6
124,Venugopal Rao,54,10,985,71,22.39,836,117.82,-,3,8,2,77,37,7.33,10.86,22.59,53.81,31.27,22.54,13.64,4.65,63.4,0.63,39.95,18.24,15.48,-18.59,140.21,5.39
125,Mithun Manhas,38,15,514,42,22.35,470,109.36,-,-,5,6,43,10,8.87,10.93,47,45.14,33.46,11.67,11.28,4.38,49.36,0.68,33.38,13.53,12.37,-43.97,131.71,5.76
126,Ramesh Powar,10,7,67,28,22.33,64,104.69,-,-,-,1,6,1,9.14,10.67,64,44.78,35.82,8.96,10.94,4.29,46.87,0.65,30.43,6.7,6.4,-73.43,127.02,9.1
127,Parthiv Patel,123,11,2475,81,22.1,2090,118.42,-,11,21,12,317,39,5.87,6.59,53.59,60.69,51.23,9.45,17.03,4.22,71.87,0.56,40.33,20.12,16.99,-9.74,140.52,1.86
128,Ishan Kishan,27,-,594,62,22,431,137.82,-,3,6,4,56,30,5.01,7.7,14.37,68.01,37.71,30.3,19.95,4.7,93.74,0.55,51.62,22,15.96,14.85,159.82,3.81
129,Rishi Dhawan,17,10,153,25,21.86,135,113.33,-,-,-,1,13,4,7.94,10.38,33.75,49.67,33.99,15.69,12.59,4.47,56.3,0.65,36.74,9,7.94,-61.36,135.19,7.59
130,Stephen Fleming,10,1,196,45,21.78,165,118.79,-,-,3,1,27,3,5.5,6.11,55,64.29,55.1,9.18,18.18,4.2,76.36,0.52,39.6,19.6,16.5,-11.81,140.57,2
131,Anustup Majumdar,4,-,87,31,21.75,76,114.47,-,-,2,-,7,2,8.44,10.86,38,45.98,32.18,13.79,11.84,4.44,52.63,0.7,36.92,21.75,19,-5.69,136.22,4.5
132,Debabrata Das,22,8,304,35,21.71,261,116.48,-,-,2,1,23,16,6.69,11.35,16.31,61.84,30.26,31.58,14.94,4.82,72.03,0.52,37.64,13.82,11.86,-39.04,138.19,5.68
133,Shakib Al Hasan,45,11,737,66,21.68,579,127.29,-,2,4,2,70,20,6.43,8.27,28.95,54.27,37.99,16.28,15.54,4.44,69.08,0.69,47.61,16.38,12.87,-21.03,148.96,5.4
134,Jesse Ryder,29,1,604,86,21.57,458,131.88,-,4,4,4,69,19,5.2,6.64,24.11,64.57,45.7,18.87,19.21,4.43,85.15,0.58,49.25,20.83,15.79,4.04,153.45,1.31
135,Abhishek Raut,16,7,194,36*,21.56,167,116.17,-,-,2,1,13,7,8.35,12.85,23.86,48.45,26.8,21.65,11.98,4.7,56.29,0.68,38.29,12.13,10.44,-46.65,137.72,6.81
136,Irfan Pathan,82,29,1139,60*,21.49,946,120.4,-,1,8,3,87,37,7.63,10.87,25.57,50.04,30.55,19.49,13.11,4.6,60.25,0.69,41.71,13.89,11.54,-36.65,141.89,5.91
137,Eoin Morgan,45,5,854,66,21.35,705,121.13,-,4,6,2,72,34,6.65,9.79,20.74,57.61,33.72,23.89,15.04,4.64,69.79,0.6,42.18,18.98,15.67,-12.92,142.48,4.36
138,Luke Wright,6,1,106,44,21.2,60,176.67,-,-,2,-,16,3,3.16,3.75,20,77.36,60.38,16.98,31.67,4.32,136.67,0.59,80,17.67,10,18.22,197.87,5
139,Usman Khawaja,6,-,127,30,21.17,100,127,-,-,2,-,14,3,5.88,7.14,33.33,58.27,44.09,14.17,17,4.35,74,0.64,47.25,21.17,16.67,1.82,148.17,2
140,Swapnil Asnodkar,20,-,423,60,21.15,339,124.78,-,2,5,3,56,10,5.14,6.05,33.9,67.14,52.96,14.18,19.47,4.3,83.78,0.51,42.66,21.15,16.95,-0.04,145.93,2.05
141,Tirumalasetti Suman,40,8,676,78,21.13,575,117.57,-,2,4,3,55,26,7.1,10.45,22.12,55.62,32.54,23.08,14.09,4.64,65.39,0.61,39.71,16.9,14.38,-24.74,138.69,4.05
142,James Faulkner,45,20,527,46,21.08,389,135.48,-,-,6,-,36,23,6.59,10.81,16.91,53.51,27.32,26.19,15.17,4.78,72.49,0.74,53.82,11.71,8.64,-39.9,156.56,6.89
143,Martin Guptill,10,1,189,50,21,143,132.17,-,1,2,1,20,8,5.11,7.15,17.88,67.72,42.33,25.4,19.58,4.57,89.51,0.53,47.48,18.9,14.3,-5.38,153.17,1.3
143,Doug Bollinger,4,3,21,16,21,23,91.3,-,-,-,-,1,1,11.5,23,23,47.62,19.05,28.57,8.7,5,43.48,0.52,22.77,5.25,5.75,-81.84,112.3,10.5
143,Adrian Barath,3,1,42,33,21,42,100,-,-,1,-,5,1,7,8.4,42,61.9,47.62,14.29,14.29,4.33,61.9,0.44,27.51,14,14,-46.97,121,4
143,Manvinder Bisla,39,1,798,92,21,702,113.68,-,4,2,3,93,23,6.05,7.55,30.52,63.91,46.62,17.29,16.52,4.4,72.65,0.49,35.7,20.46,18,-11.9,134.68,1.82
147,Mandeep Singh,72,7,1364,77,20.98,1106,123.33,-,5,10,9,150,29,6.18,7.37,38.14,56.74,43.99,12.76,16.18,4.32,69.98,0.64,44.54,18.94,15.36,-11.5,144.31,3.39
148,Sarfaraz Khan,18,7,228,45,20.73,143,159.44,-,-,3,1,26,7,4.33,5.5,20.43,64.04,45.61,18.42,23.08,4.42,102.1,0.75,76.11,12.67,7.94,-23.5,180.17,5.83
149,Naman Ojha,94,19,1554,94,20.72,1313,118.35,-,6,5,8,121,79,6.57,10.85,16.62,61.65,31.15,30.5,15.23,4.79,72.96,0.54,39.07,16.53,13.97,-25.89,139.07,4.22
150,Cheteshwar Pujara,22,3,390,51,20.53,391,99.74,-,1,3,1,50,4,7.24,7.82,97.75,57.44,51.28,6.15,13.81,4.15,57.29,0.49,28.22,17.73,17.77,-33.02,120.27,2.95
151,Johan Botha,28,8,409,67*,20.45,359,113.93,-,1,3,-,39,5,8.16,9.21,71.8,45.48,38.14,7.34,12.26,4.23,51.81,0.71,36.68,14.61,12.82,-36.96,134.38,5.43
152,Azhar Mahmood,21,2,388,80*,20.42,303,128.05,-,2,3,2,39,13,5.83,7.77,23.31,60.31,40.21,20.1,17.16,4.5,77.23,0.61,47.38,18.48,14.43,-10.38,148.47,5.33
153,Yogesh Nagar,20,6,285,44,20.36,259,110.04,-,-,1,2,20,9,8.93,12.95,28.78,47.02,28.07,18.95,11.2,4.62,51.74,0.66,33.97,14.25,12.95,-40.6,130.4,6.5
154,Lee Carseldine,5,1,81,39,20.25,68,119.12,-,-,1,-,11,-,6.18,6.18,-,54.32,54.32,-,16.18,4,64.71,0.65,42,16.2,13.6,-26.91,139.37,4
155,Chamara Silva,3,1,40,23,20,26,153.85,-,-,-,1,5,1,4.33,5.2,26,65,50,15,23.08,4.33,100,0.7,70,13.33,8.67,-22.3,173.85,4.33
155,Mahipal Lomror,2,1,20,11,20,21,95.24,-,-,-,-,1,-,21,21,-,20,20,-,4.76,4,19.05,0.8,15.24,10,10.5,-63.92,115.24,6.5
155,Rohan Raje,5,4,20,11*,20,18,111.11,-,-,-,-,1,1,9,18,18,50,20,30,11.11,5,55.56,0.63,34.72,4,3.6,-83.16,131.11,9
158,Ryan McLaren,13,5,159,51*,19.88,171,92.98,-,1,1,1,14,1,11.4,12.21,171,38.99,35.22,3.77,8.77,4.13,36.26,0.62,22.54,12.23,13.15,-56.92,112.86,6.92
159,Colin de Grandhomme,17,4,257,40,19.77,176,146.02,-,-,4,3,14,16,5.87,12.57,11,59.14,21.79,37.35,17.05,5.07,86.36,0.72,62.11,15.12,10.35,-16.38,165.79,5.88
160,Dwaraka Ravi Teja,25,6,375,60,19.74,317,118.3,-,1,4,1,35,9,7.2,9.06,35.22,51.73,37.33,14.4,13.88,4.41,61.2,0.66,40.57,15,12.68,-32.79,138.03,5.96
161,Darren Sammy,20,5,295,60,19.67,241,122.41,-,1,-,2,15,18,7.3,16.07,13.39,56.95,20.34,36.61,13.69,5.09,69.71,0.61,42.56,14.75,12.05,-31.61,142.07,5.65
162,Moeen Ali,4,-,77,65,19.25,46,167.39,-,1,-,-,4,6,4.6,11.5,7.67,67.53,20.78,46.75,21.74,5.2,113.04,0.69,78.5,19.25,11.5,22.06,186.64,3.75
163,Thisara Perera,30,8,422,40,19.18,307,137.46,-,-,5,1,23,26,6.27,13.35,11.81,58.77,21.8,36.97,15.96,5.06,80.78,0.67,54.48,14.07,10.23,-26.76,156.64,6.03
164,Ashok Menaria,23,2,401,40,19.1,356,112.64,-,-,5,1,24,18,8.48,14.83,19.78,50.87,23.94,26.93,11.8,4.86,57.3,0.63,35.95,17.43,15.48,-25.61,131.74,4.7
165,Akshar Patel,51,15,686,44,19.06,542,126.57,-,-,7,4,37,32,7.86,14.65,16.94,49.56,21.57,27.99,12.73,4.93,62.73,0.73,45.89,13.45,10.63,-35.51,145.62,6.57
166,Heinrich Klaasen,4,1,57,32,19,47,121.28,-,-,1,1,5,1,7.83,9.4,47,45.61,35.09,10.53,12.77,4.33,55.32,0.76,41.83,14.25,11.75,-34.54,140.28,4.25
166,Rahul Shukla,4,3,19,14,19,23,82.61,-,-,-,-,2,-,11.5,11.5,-,42.11,42.11,-,8.7,4,34.78,0.52,18.22,4.75,5.75,-85.14,101.61,8.75
166,Sheldon Jackson,3,1,38,16*,19,31,122.58,-,-,-,-,5,-,6.2,6.2,-,52.63,52.63,-,16.13,4,64.52,0.69,44.67,12.67,10.33,-41.19,141.58,4.67
166,Gnaneswara Rao,1,-,19,19,19,17,111.76,-,-,-,-,3,-,5.67,5.67,-,63.16,63.16,-,17.65,4,70.59,0.5,35.29,19,17,-19.56,130.76,3
166,Pardeep Sahu,2,1,19,18,19,13,146.15,-,-,-,-,1,1,6.5,13,13,52.63,21.05,31.58,15.38,5,76.92,0.82,62.94,9.5,6.5,-47.41,165.15,9.5
166,Damien Martyn,1,-,19,19,19,24,79.17,-,-,-,-,1,-,24,24,-,21.05,21.05,-,4.17,4,16.67,0.65,10.87,19,24,-43.02,98.17,3
172,Stuart Binny,63,20,810,48,18.84,643,125.97,-,-,9,6,61,31,6.99,10.54,20.74,53.09,30.12,22.96,14.31,4.67,66.87,0.69,46.12,12.86,10.21,-38.65,144.81,5.62
173,Mitchell Marsh,14,2,226,38,18.83,196,115.31,-,-,3,-,9,14,8.52,21.78,14,53.1,15.93,37.17,11.73,5.22,61.22,0.61,37.51,16.14,14,-29.49,134.14,6.43
174,Scott Styris,10,3,131,36,18.71,133,98.5,-,-,1,-,10,3,10.23,13.3,44.33,44.27,30.53,13.74,9.77,4.46,43.61,0.61,26.53,13.1,13.3,-51.12,117.21,4.8
175,Ashish Reddy,23,8,280,36,18.67,193,145.08,-,-,2,-,16,15,6.23,12.06,12.87,55,22.86,32.14,16.06,4.97,79.79,0.78,62.06,12.17,8.39,-33.1,163.74,7.04
175,Bharat Chipli,21,6,280,61,18.67,251,111.55,-,1,1,-,28,7,7.17,8.96,35.86,55,40,15,13.94,4.4,61.35,0.58,35.79,13.33,11.95,-43.66,130.22,4.33
177,Sam Billings,18,-,334,56,18.56,246,135.77,-,3,-,2,31,10,6,7.94,24.6,55.09,37.13,17.96,16.67,4.49,74.8,0.73,54.73,18.56,13.67,-4.57,154.33,3.83
178,Washington Sundar,11,7,74,35,18.5,50,148,-,-,1,1,5,4,5.56,10,12.5,59.46,27.03,32.43,18,4.89,88,0.73,64.39,6.73,4.55,-62.29,166.5,7.55
179,Sunny Sohal,20,-,368,62,18.4,292,126.03,-,2,4,3,34,18,5.62,8.59,16.22,66.3,36.96,29.35,17.81,4.69,83.56,0.52,43.17,18.4,14.6,-12.16,144.43,1.95
180,Shaun Pollock,8,-,147,33,18.38,111,132.43,-,-,2,2,12,8,5.55,9.25,13.88,65.31,32.65,32.65,18.02,4.8,86.49,0.56,48.47,18.38,13.88,-7.82,150.81,5.88
181,Kagiso Rabada,3,-,55,44,18.33,64,85.94,-,-,1,1,5,1,10.67,12.8,64,47.27,36.36,10.91,9.38,4.33,40.63,0.5,20.31,18.33,21.33,-40.32,104.27,7.67
182,Faiz Fazal,11,1,183,45,18.3,173,105.78,-,-,3,1,22,1,7.52,7.86,173,51.37,48.09,3.28,13.29,4.09,54.34,0.59,32.24,16.64,15.73,-33.34,124.08,3.55
183,Michael Klinger,4,-,73,29,18.25,77,94.81,-,-,-,-,9,-,8.56,8.56,-,49.32,49.32,-,11.69,4,46.75,0.54,25.44,18.25,19.25,-34.46,113.06,1.5
183,Ramnaresh Sarwan,4,-,73,31,18.25,75,97.33,-,-,1,-,6,1,10.71,12.5,75,41.1,32.88,8.22,9.33,4.29,40,0.63,25.29,18.25,18.75,-32.71,115.58,3.5
185,Vidyut Sivaramakrishnan,8,-,145,54,18.13,109,133.03,-,1,1,1,21,3,4.54,5.19,36.33,70.34,57.93,12.41,22.02,4.25,93.58,0.51,47.34,18.13,13.63,-8.67,151.15,2.5
186,Brad Haddin,1,-,18,18,18,11,163.64,-,-,-,-,2,1,3.67,5.5,11,77.78,44.44,33.33,27.27,4.67,127.27,0.5,63.64,18,11,11.57,181.64,2
187,Ajit Agarkar,22,12,179,39,17.9,154,116.23,-,-,1,1,13,5,8.56,11.85,30.8,45.81,29.05,16.76,11.69,4.56,53.25,0.71,37.98,8.14,7,-64.18,134.13,7.91
188,Manprit Juneja,7,-,125,49,17.86,128,97.66,-,-,1,-,11,1,10.67,11.64,128,40,35.2,4.8,9.38,4.17,39.06,0.65,25.26,17.86,18.29,-33.94,115.51,3.86
189,Daniel Christian,34,9,446,39,17.84,374,119.25,-,-,2,1,22,19,9.12,17,19.68,45.29,19.73,25.56,10.96,4.93,54.01,0.73,39.58,13.12,11,-40.75,137.09,5.79
190,Farveez Maharoof,14,4,177,39,17.7,123,143.9,-,-,1,2,12,9,5.86,10.25,13.67,57.63,27.12,30.51,17.07,4.86,82.93,0.74,60.98,12.64,8.79,-31.09,161.6,6.86
191,Abhishek Nayar,50,12,672,45,17.68,577,116.46,-,-,6,3,55,20,7.69,10.49,28.85,50.6,32.74,17.86,13,4.53,58.93,0.66,38.97,13.44,11.54,-40.71,134.15,5.18
192,Sunil Narine,48,12,628,75,17.44,372,168.82,-,3,5,4,76,35,3.35,4.89,10.63,81.85,48.41,33.44,29.84,4.63,138.17,0.44,60.35,13.08,7.75,-16.34,186.26,4.98
193,Aiden Blizzard,7,-,120,51,17.14,90,133.33,-,1,1,1,21,2,3.91,4.29,45,80,70,10,25.56,4.17,106.67,0.36,38.21,17.14,12.86,-13.42,150.48,1.14
194,Sachin Baby,10,2,137,33,17.13,101,135.64,-,-,1,1,11,5,6.31,9.18,20.2,54.01,32.12,21.9,15.84,4.63,73.27,0.74,54.3,13.7,10.1,-29.61,152.77,5.8
195,Rahul Tewatia,8,3,85,24,17,67,126.87,-,-,-,-,9,2,6.09,7.44,33.5,56.47,42.35,14.12,16.42,4.36,71.64,0.66,47.33,10.63,8.38,-48.94,143.87,6.38
195,Dishant Harendra Yagnik,17,7,170,34*,17,137,124.09,-,-,2,1,23,2,5.48,5.96,68.5,61.18,54.12,7.06,18.25,4.16,75.91,0.59,44.73,10,8.06,-53,141.09,6.53
195,Srikkanth Anirudha,13,5,136,64,17,113,120.35,-,1,-,2,9,7,7.06,12.56,16.14,57.35,26.47,30.88,14.16,4.88,69.03,0.6,41.27,10.46,8.69,-52.31,137.35,5.31
195,Aditya Dole,2,-,34,30,17,22,154.55,-,-,1,-,3,1,5.5,7.33,22,52.94,35.29,17.65,18.18,4.5,81.82,0.89,72.73,17,11,-0.48,171.55,9.5
199,Chidhambaram Gautam,13,3,169,33*,16.9,150,112.67,-,-,3,-,17,6,6.52,8.82,25,61.54,40.24,21.3,15.33,4.52,69.33,0.51,35.49,13,11.54,-44.52,129.57,4.54
200,Misbah-ul-Haq,8,1,117,47,16.71,81,144.44,-,-,2,2,10,6,5.06,8.1,13.5,64.96,34.19,30.77,19.75,4.75,93.83,0.63,59.18,14.63,10.13,-19.98,161.16,4.13
201,Abhishek Jhunjhunwala,16,3,217,53,16.69,210,103.33,-,1,1,1,19,5,8.75,11.05,42,48.85,35.02,13.82,11.43,4.42,50.48,0.6,30.12,13.56,13.13,-46.91,120.03,5.44
202,Mayank Agarwal,59,3,934,68,16.68,754,123.87,-,3,8,4,91,38,5.85,8.29,19.84,63.38,38.97,24.41,17.11,4.59,78.51,0.55,42.96,15.83,12.78,-25.72,140.55,2.47
203,Dinesh Salunkhe,3,1,33,26*,16.5,24,137.5,-,-,-,-,5,-,4.8,4.8,-,60.61,60.61,-,20.83,4,83.33,0.68,57.02,11,8,-42.71,154,8
204,D'Arcy Short,7,-,115,44,16.43,99,116.16,-,-,2,-,11,5,6.19,9,19.8,64.35,38.26,26.09,16.16,4.63,74.75,0.49,36.92,16.43,14.14,-27.71,132.59,1.71
205,Akshath Reddy,11,1,164,42,16.4,160,102.5,-,-,1,-,15,2,9.41,10.67,80,43.9,36.59,7.32,10.63,4.24,45,0.64,28.95,14.91,14.55,-42.11,118.9,2.09
206,Callum Ferguson,8,2,98,23*,16.33,117,83.76,-,-,-,-,9,-,13,13,-,36.73,36.73,-,7.69,4,30.77,0.57,17.66,12.25,14.63,-61.13,100.09,5.25
206,Michael Clarke,6,-,98,41,16.33,94,104.26,-,-,1,-,12,-,7.83,7.83,-,48.98,48.98,-,12.77,4,51.06,0.61,31.14,16.33,15.67,-35.5,120.59,2.33
208,Gurkeerat Singh,24,3,342,51,16.29,272,125.74,-,1,1,4,36,9,6.04,7.56,30.22,57.89,42.11,15.79,16.54,4.4,72.79,0.63,46.18,14.25,11.33,-32.13,142.02,5.88
209,Shreevats Goswami,19,1,293,52,16.28,291,100.69,-,1,2,2,32,3,8.31,9.09,97,49.83,43.69,6.14,12.03,4.17,50.17,0.57,28.81,15.42,15.32,-41.19,116.97,2.95
210,Wasim Jaffer,8,-,130,50,16.25,121,107.44,-,1,1,1,14,3,7.12,8.64,40.33,56.92,43.08,13.85,14.05,4.35,61.16,0.54,32.93,16.25,15.13,-33.87,123.69,1.88
211,Pawan Negi,31,9,356,36,16.18,277,128.52,-,-,3,1,26,16,6.6,10.65,17.31,56.18,29.21,26.97,15.16,4.76,72.2,0.66,47.93,11.48,8.94,-44.09,144.7,6.61
212,Murali Kartik,16,9,113,21,16.14,108,104.63,-,-,-,1,7,1,13.5,15.43,108,30.09,24.78,5.31,7.41,4.25,31.48,0.79,24.87,7.06,6.75,-72.01,120.77,9.06
213,Deepak Chahar,5,1,64,39,16,35,182.86,-,-,1,1,1,6,5,35,5.83,62.5,6.25,56.25,20,5.71,114.29,0.86,97.96,12.8,7,-11.34,198.86,7.6
214,Rajagopal Sathish,25,8,270,27,15.88,231,116.88,-,-,-,2,22,6,8.25,10.5,38.5,45.93,32.59,13.33,12.12,4.43,53.68,0.72,38.61,10.8,9.24,-52.18,132.77,6.12
215,Anirudh Singh,4,-,63,40,15.75,66,95.45,-,-,1,1,6,1,9.43,11,66,47.62,38.1,9.52,10.61,4.29,45.45,0.56,25.42,15.75,16.5,-43.05,111.2,5
216,Hanuma Vihari,21,3,280,46,15.56,313,89.46,-,-,3,-,23,1,13.04,13.61,313,35,32.86,2.14,7.67,4.08,31.31,0.63,19.72,13.33,14.9,-54.82,105.01,4.43
217,Sridharan Sriram,2,-,31,27,15.5,36,86.11,-,-,-,-,3,-,12,12,-,38.71,38.71,-,8.33,4,33.33,0.58,19.19,15.5,18,-49.44,101.61,2.5
218,Carlos Brathwaite,12,1,170,43,15.45,101,168.32,-,-,2,-,9,16,4.04,11.22,6.31,77.65,21.18,56.47,24.75,5.28,130.69,0.5,65.35,14.17,8.42,-9.68,183.77,6.5
219,Harbhajan Singh,87,33,828,64*,15.33,597,138.69,-,1,5,13,79,42,4.93,7.56,14.21,68.6,38.16,30.43,20.27,4.69,95.14,0.55,51.97,9.52,6.86,-50,154.03,7.28
219,Deepak Hooda,38,8,460,54,15.33,349,131.81,-,1,3,-,22,23,7.76,15.86,15.17,49.13,19.13,30,12.89,5.02,64.76,0.77,49.85,12.11,9.18,-39.56,147.14,5.16
221,Ishank Jaggi,7,2,76,28,15.2,97,78.35,-,-,-,-,6,-,16.17,16.17,-,31.58,31.58,-,6.19,4,24.74,0.57,14.14,10.86,13.86,-67.78,93.55,4.14
222,Daniel Vettori,17,9,121,29,15.13,113,107.08,-,-,-,1,11,2,8.69,10.27,56.5,46.28,36.36,9.92,11.5,4.31,49.56,0.65,32.21,7.12,6.65,-71.13,122.2,7.47
223,Karn Sharma,35,14,317,39,15.1,274,115.69,-,-,2,1,18,14,8.56,15.22,19.57,49.21,22.71,26.5,11.68,4.88,56.93,0.67,37.88,9.06,7.83,-60.31,130.79,7.34
224,Graham Napier,1,-,15,15,15,16,93.75,-,-,-,-,1,-,16,16,-,26.67,26.67,-,6.25,4,25,0.73,18.33,15,16,-46.73,108.75,6
224,Chandan Madan,1,-,15,15,15,19,78.95,-,-,-,-,3,-,6.33,6.33,-,80,80,-,15.79,4,63.16,0.19,11.84,15,19,-55.14,93.95,1
224,Laxmi Shukla,34,7,405,48,15,350,115.71,-,-,3,3,33,15,7.29,10.61,23.33,54.81,32.59,22.22,13.71,4.63,63.43,0.61,38.44,11.91,10.29,-47.79,130.71,6.32
224,Unmukt Chand,20,-,300,58,15,300,100,-,1,2,4,32,9,7.32,9.38,33.33,60.67,42.67,18,13.67,4.44,60.67,0.46,27.64,15,15,-43.18,115,2.4
224,Travis Birt,5,-,75,27,15,58,129.31,-,-,-,-,9,2,5.27,6.44,29,64,48,16,18.97,4.36,82.76,0.57,47.54,15,11.6,-26.53,144.31,5.8
229,VVS Laxman,20,1,282,52,14.84,267,105.62,-,1,3,4,33,5,7.03,8.09,53.4,57.45,46.81,10.64,14.23,4.26,60.67,0.52,31.79,14.1,13.35,-43.59,120.46,2.45
230,Mohnish Mishra,17,1,237,41,14.81,208,113.94,-,-,2,1,24,8,6.5,8.67,26,60.76,40.51,20.25,15.38,4.5,69.23,0.53,36.58,13.94,12.24,-39.83,128.75,3.24
231,Sreenath Aravind,12,8,59,14*,14.75,57,103.51,-,-,-,2,7,-,8.14,8.14,-,47.46,47.46,-,12.28,4,49.12,0.62,30.46,4.92,4.75,-80.72,118.26,9.5
232,Robert Quiney,7,-,103,51,14.71,102,100.98,-,1,-,-,12,3,6.8,8.5,34,64.08,46.6,17.48,14.71,4.4,64.71,0.43,27.52,14.71,14.57,-43.72,115.69,1.71
233,Karan Goel,17,2,218,38,14.53,231,94.37,-,-,1,2,17,9,8.88,13.59,25.67,55.96,31.19,24.77,11.26,4.69,52.81,0.47,24.73,12.82,13.59,-54.16,108.91,3.18
234,Jamaluddin Syed Mohammad,5,3,29,13,14.5,26,111.54,-,-,-,-,4,-,6.5,6.5,-,55.17,55.17,-,15.38,4,61.54,0.59,36.36,5.8,5.2,-75.5,126.04,8
234,Vijay Zol,2,-,29,16,14.5,26,111.54,-,-,-,-,3,1,6.5,8.67,26,62.07,41.38,20.69,15.38,4.5,69.23,0.5,34.62,14.5,13,-38.74,126.04,3
236,Roelof van der Merwe,15,4,159,35,14.45,141,112.77,-,-,2,-,11,8,7.42,12.82,17.63,57.86,27.67,30.19,13.48,4.84,65.25,0.55,35.83,10.6,9.4,-54.72,127.22,6.27
237,Mohammad Kaif,22,4,259,34,14.39,250,103.6,-,-,2,-,22,6,8.93,11.36,41.67,47.88,33.98,13.9,11.2,4.43,49.6,0.61,30.16,11.77,11.36,-53.8,117.99,4.77
238,Siddharth Chitnis,8,1,99,38,14.14,89,111.24,-,-,1,-,10,2,7.42,8.9,44.5,52.53,40.4,12.12,13.48,4.33,58.43,0.61,35.66,12.38,11.13,-47.86,125.38,6.25
239,Aditya Tare,28,4,339,59,14.13,273,124.18,-,1,1,5,40,11,5.35,6.83,24.82,66.67,47.2,19.47,18.68,4.43,82.78,0.51,42.14,12.11,9.75,-43.05,138.3,3.5
240,Jimmy Neesham,3,-,42,22,14,46,91.3,-,-,-,-,3,1,11.5,15.33,46,42.86,28.57,14.29,8.7,4.5,39.13,0.57,22.36,14,15.33,-51.58,105.3,7
240,Krishnappa Gowtham,13,4,126,33,14,64,196.88,-,-,1,1,9,9,3.56,7.11,7.11,71.43,28.57,42.86,28.13,5,140.63,0.78,110.05,9.69,4.92,-27.72,210.88,6.69
240,Nitin Saini,10,-,140,50,14,141,99.29,-,1,1,-,16,-,8.81,8.81,-,45.71,45.71,-,11.35,4,45.39,0.61,27.6,14,14.1,-47.35,113.29,2.7
243,Richard Levi,6,-,83,50,13.83,73,113.7,-,1,-,2,10,4,5.21,7.3,18.25,77.11,48.19,28.92,19.18,4.57,87.67,0.32,28.23,13.83,12.17,-40.42,127.53,1.17
244,Azhar Bilakhia,7,2,69,22*,13.8,85,81.18,-,-,-,-,5,-,17,17,-,28.99,28.99,-,5.88,4,23.53,0.61,14.41,9.86,12.14,-69.69,94.98,5.14
245,Mitchell Starc,12,5,96,29,13.71,98,97.96,-,-,-,-,10,-,9.8,9.8,-,41.67,41.67,-,10.2,4,40.82,0.64,25.97,8,8.17,-70.32,111.67,7.83
246,Ben Dunk,3,-,40,20,13.33,35,114.29,-,-,-,-,7,-,5,5,-,70,70,-,20,4,80,0.43,34.29,13.33,11.67,-42.28,127.62,1
247,Jacob Oram,12,4,106,41,13.25,108,98.15,-,-,1,1,6,5,9.82,18,21.6,50.94,22.64,28.3,10.19,4.91,50,0.54,26.8,8.83,9,-67.16,111.4,5.83
247,Tim Southee,13,5,106,36,13.25,81,130.86,-,-,1,-,8,4,6.75,10.13,20.25,52.83,30.19,22.64,14.81,4.67,69.14,0.72,50.1,8.15,6.23,-59.58,144.11,8.62
249,Davy Jacobs,7,-,92,32,13.14,98,93.88,-,-,1,1,10,4,7,9.8,24.5,69.57,43.48,26.09,14.29,4.57,65.31,0.33,21.77,13.14,14,-53.26,107.02,1.14
250,Umar Gul,4,1,39,24,13,19,205.26,-,-,-,-,1,5,3.17,19,3.8,87.18,10.26,76.92,31.58,5.67,178.95,0.38,68.83,9.75,4.75,-24.19,218.26,8.75
250,Kyle Abbott,3,2,13,12,13,8,162.5,-,-,-,1,-,1,8,-,8,46.15,-,46.15,12.5,6,75,1,75,4.33,2.67,-73.33,175.5,9
250,Dominic Thornely,4,1,39,30,13,53,73.58,-,-,1,1,2,2,13.25,26.5,26.5,51.28,20.51,30.77,7.55,5,37.74,0.39,14.63,9.75,13.25,-72.82,86.58,3.25
250,Justin Kemp,2,-,26,22,13,24,108.33,-,-,-,-,1,1,12,24,24,38.46,15.38,23.08,8.33,5,41.67,0.73,30.3,13,12,-46.65,121.33,5.5
250,Shoaib Malik,5,1,52,24,13,47,110.64,-,-,-,-,5,-,9.4,9.4,-,38.46,38.46,-,10.64,4,42.55,0.76,32.42,10.4,9.4,-56.42,123.64,4.8
255,Kevon Cooper,14,5,116,32*,12.89,68,170.59,-,-,1,1,9,8,4,7.56,8.5,72.41,31.03,41.38,25,4.94,123.53,0.63,77.51,8.29,4.86,-46.46,183.48,6.93
256,Mitchell Johnson,30,17,167,16,12.85,164,101.83,-,-,-,2,10,7,9.65,16.4,23.43,49.1,23.95,25.15,10.37,4.82,50,0.58,28.91,5.57,5.47,-78.53,114.68,8.2
257,Patrick Cummins,10,4,77,24,12.83,55,140,-,-,-,1,5,4,6.11,11,13.75,57.14,25.97,31.17,16.36,4.89,80,0.72,57.39,7.7,5.5,-59.17,152.83,7.8
258,Shreyas Gopal,7,2,64,24,12.8,72,88.89,-,-,-,1,6,-,12,12,-,37.5,37.5,-,8.33,4,33.33,0.61,20.2,9.14,10.29,-69.22,101.69,8.14
259,Balachandra Akhil,11,5,76,27,12.67,55,138.18,-,-,-,2,5,5,5.5,11,11,65.79,26.32,39.47,18.18,5,90.91,0.58,52.53,6.91,5,-63.84,150.85,7.36
260,Mohammed Siraj,4,2,25,14,12.5,22,113.64,-,-,-,-,2,1,7.33,11,22,56,32,24,13.64,4.67,63.64,0.58,36.84,6.25,5.5,-73.1,126.14,10
261,Ankit Sharma,10,3,87,30,12.43,67,129.85,-,-,1,1,7,4,6.09,9.57,16.75,59.77,32.18,27.59,16.42,4.73,77.61,0.63,48.51,8.7,6.7,-57.21,142.28,7.9
262,Brett Lee,19,9,124,25,12.4,97,127.84,-,-,-,1,8,8,6.06,12.13,12.13,64.52,25.81,38.71,16.49,5,82.47,0.54,44.8,6.53,5.11,-68.4,140.24,8.26
263,Marlon Samuels,14,1,161,46,12.38,172,93.6,-,-,2,1,9,7,10.75,19.11,24.57,48.45,22.36,26.09,9.3,4.88,45.35,0.53,24.13,11.5,12.29,-59.23,105.99,4.71
264,Sumit Narwal,4,1,37,23,12.33,27,137.04,-,-,-,1,6,-,4.5,4.5,-,64.86,64.86,-,22.22,4,88.89,0.62,55.03,9.25,6.75,-51.99,149.37,8
265,Karanveer Singh,4,3,12,5,12,17,70.59,-,-,-,-,1,-,17,17,-,33.33,33.33,-,5.88,4,23.53,0.5,11.76,3,4.25,-91.98,82.59,10
265,Musavir Khote,3,1,24,9,12,22,109.09,-,-,-,-,2,1,7.33,11,22,58.33,33.33,25,13.64,4.67,63.64,0.53,33.49,8,7.33,-66.94,121.09,8
265,Eklavya Dwivedi,2,-,24,19,12,14,171.43,-,-,-,-,2,2,3.5,7,7,83.33,33.33,50,28.57,5,142.86,0.4,57.14,12,7,-22.08,183.43,4.5
265,Kane Richardson,4,1,36,26,12,39,92.31,-,-,-,-,2,1,13,19.5,39,38.89,22.22,16.67,7.69,4.67,35.9,0.61,21.94,9,9.75,-68.53,104.31,8.25
265,Sohail Tanvir,5,2,36,13,12,29,124.14,-,-,-,-,3,1,7.25,9.67,29,50,33.33,16.67,13.79,4.5,62.07,0.72,44.69,7.2,5.8,-66.14,136.14,6.2
270,Piyush Chawla,76,30,542,24,11.78,487,111.29,-,-,-,12,50,16,7.38,9.74,30.44,54.61,36.9,17.71,13.55,4.48,60.78,0.58,35.52,7.13,6.41,-69.94,123.08,7.82
271,Amit Mishra,52,23,341,31,11.76,365,93.42,-,-,2,10,27,5,11.41,13.52,73,40.47,31.67,8.8,8.77,4.31,37.81,0.61,23.05,6.56,7.02,-76.79,105.18,8.46
272,Yashpal Singh,4,-,47,20,11.75,66,71.21,-,-,-,-,5,-,13.2,13.2,-,42.55,42.55,-,7.58,4,30.3,0.44,13.41,11.75,16.5,-68.31,82.96,5.25
273,Jasprit Bumrah,10,7,35,16,11.67,37,94.59,-,-,-,2,2,1,12.33,18.5,37,40,22.86,17.14,8.11,4.67,37.84,0.62,23.37,3.5,3.7,-87.46,106.26,10.5
273,Anil Kumble,17,14,35,8,11.67,47,74.47,-,-,-,-,3,-,15.67,15.67,-,34.29,34.29,-,6.38,4,25.53,0.52,13.35,2.06,2.76,-94.19,86.13,10.35
275,Colin Munro,8,-,93,33,11.63,71,130.99,-,-,1,2,10,4,5.07,7.1,17.75,68.82,43.01,25.81,19.72,4.57,90.14,0.51,45.86,11.63,8.88,-42.32,142.61,2.63
276,Paras Dogra,12,1,127,41,11.55,138,92.03,-,-,1,1,4,5,15.33,34.5,27.6,36.22,12.6,23.62,6.52,5.11,33.33,0.63,20.93,10.58,11.5,-63.11,103.57,6.42
277,Varun Aaron,10,6,46,17,11.5,55,83.64,-,-,-,1,2,2,13.75,27.5,27.5,43.48,17.39,26.09,7.27,5,36.36,0.51,18.54,4.6,5.5,-85.43,95.14,9.5
277,Nikhil Naik,2,-,23,22,11.5,31,74.19,-,-,-,-,1,-,31,31,-,17.39,17.39,-,3.23,4,12.9,0.63,8.17,11.5,15.5,-67.68,85.69,6
277,Pinal Shah,10,2,92,29,11.5,91,101.1,-,-,-,1,9,2,8.27,10.11,45.5,52.17,39.13,13.04,12.09,4.36,52.75,0.55,29.01,9.2,9.1,-64.77,112.6,6.4
280,Morne Morkel,23,12,126,23,11.45,90,140,-,-,-,5,11,5,5.63,8.18,18,58.73,34.92,23.81,17.78,4.63,82.22,0.7,57.78,5.48,3.91,-70.95,151.45,9.13
281,Rajat Bhatia,49,19,342,26,11.4,284,120.42,-,-,-,3,24,13,7.68,11.83,21.85,50.88,28.07,22.81,13.03,4.7,61.27,0.68,41.67,6.98,5.8,-68.16,131.82,7.49
282,Ravichandran Ashwin,46,16,333,45,11.1,311,107.07,-,-,2,7,29,7,8.64,10.72,44.43,47.45,34.83,12.61,11.58,4.39,50.8,0.64,32.33,7.24,6.76,-70.64,118.17,7.76
283,Vinay Kumar,46,18,310,26,11.07,274,113.14,-,-,-,4,21,9,9.13,13.05,30.44,44.52,27.1,17.42,10.95,4.6,50.36,0.7,35.5,6.74,5.96,-71.12,124.21,8.52
284,Mahesh Rawat,12,7,55,23,11,69,79.71,-,-,-,1,4,1,13.8,17.25,69,40,29.09,10.91,7.25,4.4,31.88,0.52,16.44,4.58,5.75,-86.16,90.71,7.58
284,Nuwan Zoysa,2,1,11,10,11,9,122.22,-,-,-,-,1,-,9,9,-,36.36,36.36,-,11.11,4,44.44,0.88,38.89,5.5,4.5,-74.54,133.22,7.5
284,Makhaya Ntini,2,1,11,11,11,18,61.11,-,-,-,-,2,-,9,9,-,72.73,72.73,-,11.11,4,44.44,0.19,8.33,5.5,9,-87.27,72.11,10.5
287,Jaydev Unadkat,13,8,54,26,10.8,51,105.88,-,-,-,2,6,1,7.29,8.5,51,55.56,44.44,11.11,13.73,4.29,58.82,0.55,32.09,4.15,3.92,-83.34,116.68,9.77
288,Sunny Singh,5,1,43,20,10.75,31,138.71,-,-,-,-,6,1,4.43,5.17,31,69.77,55.81,13.95,22.58,4.29,96.77,0.54,52.42,8.6,6.2,-54.81,149.46,6
289,Harshal Patel,16,6,107,36,10.7,67,159.7,-,-,1,3,3,9,5.58,22.33,7.44,61.68,11.22,50.47,17.91,5.5,98.51,0.75,73.43,6.69,4.19,-59.55,170.4,8
290,Kuldeep Yadav,5,2,32,16,10.67,46,69.57,-,-,-,-,3,-,15.33,15.33,-,37.5,37.5,-,6.52,4,26.09,0.47,12.13,6.4,9.2,-83.14,80.23,10
290,Robin Peterson,5,2,32,16*,10.67,30,106.67,-,-,-,1,3,1,7.5,10,30,56.25,37.5,18.75,13.33,4.5,60,0.54,32.31,6.4,6,-74.14,117.33,6.6
292,Andrew Tye,11,3,85,25,10.63,68,125,-,-,-,2,6,4,6.8,11.33,17,56.47,28.24,28.24,14.71,4.8,70.59,0.64,45.03,7.73,6.18,-63.41,135.63,8.45
293,Rilee Rossouw,5,-,53,24,10.6,51,103.92,-,-,-,1,3,3,8.5,17,17,56.6,22.64,33.96,11.76,5,58.82,0.51,30.07,10.6,10.2,-58.27,114.52,3.8
294,Mayank Markande,6,4,21,7,10.5,24,87.5,-,-,-,-,2,-,12,12,-,38.1,38.1,-,8.33,4,33.33,0.59,19.7,3.5,4,-88.4,98,9.17
294,Colin Ingram,3,1,21,13,10.5,26,80.77,-,-,-,-,2,-,13,13,-,38.1,38.1,-,7.69,4,30.77,0.54,16.67,7,8.67,-78.58,91.27,3.33
294,Chris Woakes,11,5,63,18,10.5,66,95.45,-,-,-,-,5,2,9.43,13.2,33,50.79,31.75,19.05,10.61,4.57,48.48,0.53,25.48,5.73,6,-79.29,105.95,7.64
297,Tatenda Taibu,3,-,31,15,10.33,26,119.23,-,-,-,-,3,-,8.67,8.67,-,38.71,38.71,-,11.54,4,46.15,0.83,38.13,10.33,8.67,-53.33,129.56,5
298,Arun Karthik,8,3,51,19*,10.2,51,100,-,-,-,1,4,1,10.2,12.75,51,43.14,31.37,11.76,9.8,4.4,43.14,0.63,27.2,6.38,6.38,-75.85,110.2,6.63
298,Ravi Rampaul,7,2,51,23,10.2,50,102,-,-,-,3,3,2,10,16.67,25,47.06,23.53,23.53,10,4.8,48,0.6,28.8,7.29,7.14,-71.85,112.2,7.57
300,Chaminda Vaas,11,3,81,20,10.13,73,110.96,-,-,-,3,2,3,14.6,36.5,24.33,32.1,9.88,22.22,6.85,5.2,35.62,0.81,28.81,7.36,6.64,-69.05,121.08,8.09
301,Shahid Afridi,9,1,81,33,10.13,46,176.09,-,-,1,1,7,6,3.54,6.57,7.67,79.01,34.57,44.44,28.26,4.92,139.13,0.52,71.67,9,5.11,-39.97,186.21,4.33
302,Ricky Ponting,9,-,91,28,10.11,128,71.09,-,-,-,3,5,2,18.29,25.6,64,35.16,21.98,13.19,5.47,4.57,25,0.49,12.19,10.11,14.22,-72.77,81.2,2
303,Mujeeb Zadran,2,1,10,10,10,7,142.86,-,-,-,1,2,-,3.5,3.5,-,80,80,-,28.57,4,114.29,0.4,45.71,5,3.5,-72.94,152.86,11
303,Rashid Khan,10,3,70,34,10,40,175,-,-,1,2,3,7,4,13.33,5.71,77.14,17.14,60,25,5.4,135,0.53,72,7,4,-53.6,185,8
303,Raiphi Gomez,9,4,50,26,10,51,98.04,-,-,-,3,5,1,8.5,10.2,51,52,40,12,11.76,4.33,50.98,0.53,27.19,5.56,5.67,-79.37,108.04,6.44
303,Kemar Roach,1,-,10,10,10,9,111.11,-,-,-,-,1,-,9,9,-,40,40,-,11.11,4,44.44,0.75,33.33,10,9,-57.91,121.11,9
303,Ali Murtaza,3,2,10,5,10,14,71.43,-,-,-,-,1,-,14,14,-,40,40,-,7.14,4,28.57,0.46,13.19,3.33,4.67,-90.98,81.43,9.67
303,Alfonso Thomas,4,2,20,12,10,19,105.26,-,-,-,-,1,1,9.5,19,19,50,20,30,10.53,5,52.63,0.59,30.96,5,4.75,-80.06,115.26,9.75
303,Dillon du Preez,1,-,10,10,10,13,76.92,-,-,-,-,-,-,-,-,-,-,-,-,-,-,-,0.77,-,10,13,-70.86,86.92,8
303,Sachithra Senanayake,4,3,10,7,10,17,58.82,-,-,-,-,-,-,-,-,-,-,-,-,-,-,-,0.59,-,2.5,4.25,-94.43,68.82,8.25
303,Thalaivan Sargunam,1,-,10,10,10,17,58.82,-,-,-,-,-,-,-,-,-,-,-,-,-,-,-,0.59,-,10,17,-77.72,68.82,6
303,Harpreet Singh,3,1,20,13,10,26,76.92,-,-,-,-,-,-,-,-,-,-,-,-,-,-,-,0.77,-,6.67,8.67,-80.57,86.92,6.33
313,Shane Warne,29,9,198,34,9.9,214,92.52,-,-,1,7,14,6,10.7,15.29,35.67,46.46,28.28,18.18,9.35,4.6,42.99,0.55,23.49,6.83,7.38,-76.07,102.42,8.03
313,Manpreet Gony,17,7,99,42,9.9,71,139.44,-,-,1,3,6,8,5.07,11.83,8.88,72.73,24.24,48.48,19.72,5.14,101.41,0.47,48.04,5.82,4.18,-69.24,149.34,7.76
315,Amit Paunikar,5,-,49,20,9.8,58,84.48,-,-,-,1,9,-,6.44,6.44,-,73.47,73.47,-,15.52,4,62.07,0.27,16.47,9.8,11.6,-68.64,94.28,1.6
315,Arjun Yadav,6,1,49,16,9.8,39,125.64,-,-,-,1,5,2,5.57,7.8,19.5,65.31,40.82,24.49,17.95,4.57,82.05,0.53,43.59,8.17,6.5,-61.13,135.44,7
317,Ryan Harris,21,9,117,17,9.75,112,104.46,-,-,-,2,6,3,12.44,18.67,37.33,35.9,20.51,15.38,8.04,4.67,37.5,0.73,27.31,5.57,5.33,-77.95,114.21,8.24
318,Dhawal Kulkarni,21,11,96,28,9.6,103,93.2,-,-,-,-,6,2,12.88,17.17,51.5,37.5,25,12.5,7.77,4.5,34.95,0.63,22.07,4.57,4.9,-83.86,102.8,9.62
319,Abhinav Mukund,2,-,19,19,9.5,22,86.36,-,-,-,1,1,-,22,22,-,21.05,21.05,-,4.55,4,18.18,0.71,12.99,9.5,11,-68.92,95.86,4.5
320,Wilkin Mota,8,2,56,25,9.33,75,74.67,-,-,-,-,2,-,37.5,37.5,-,14.29,14.29,-,2.67,4,10.67,0.66,7.01,7,9.38,-80.2,84,7.13
321,Mohammad Hafeez,8,1,64,16*,9.14,83,77.11,-,-,-,-,7,2,9.22,11.86,41.5,62.5,43.75,18.75,10.84,4.44,48.19,0.32,15.63,8,10.38,-76.63,86.25,4.13
322,Johan van der Wath,3,1,18,14,9,16,112.5,-,-,-,1,1,1,8,16,16,55.56,22.22,33.33,12.5,5,62.5,0.57,35.71,6,5.33,-74.43,121.5,8
322,Pravin Tambe,6,4,18,7,9,39,46.15,-,-,-,-,1,-,39,39,-,22.22,22.22,-,2.56,4,10.26,0.37,3.78,3,6.5,-94.76,55.15,10.67
322,Darren Lehmann,2,-,18,17,9,18,100,-,-,-,-,3,-,6,6,-,66.67,66.67,-,16.67,4,66.67,0.4,26.67,9,9,-65.91,109,5
322,Ashley Noffke,1,-,9,9,9,10,90,-,-,-,-,1,-,10,10,-,44.44,44.44,-,10,4,40,0.56,22.22,9,10,-69.32,99,8
322,Joginder Sharma,6,2,36,16,9,30,120,-,-,-,2,1,2,10,30,15,44.44,11.11,33.33,10,5.33,53.33,0.74,39.51,6,5,-72.73,129,8.33
327,Praveen Kumar,59,21,340,34*,8.95,314,108.28,-,-,1,9,22,17,8.05,14.27,18.47,55.88,25.88,30,12.42,4.87,60.51,0.55,33.01,5.76,5.32,-76.36,117.23,8.54
328,Aakash Chopra,6,-,53,24,8.83,71,74.65,-,-,-,-,7,-,10.14,10.14,-,52.83,52.83,-,9.86,4,39.44,0.39,15.4,8.83,11.83,-75.02,83.48,3.17
329,Umesh Yadav,30,19,97,24,8.82,101,96.04,-,-,-,5,8,3,9.18,12.63,33.67,51.55,32.99,18.56,10.89,4.55,49.5,0.52,25.85,3.23,3.37,-88.24,104.86,9.73
330,Dimitri Mascarenhas,11,2,79,27,8.78,78,101.28,-,-,-,2,5,1,13,15.6,78,32.91,25.32,7.59,7.69,4.33,33.33,0.74,24.54,7.18,7.09,-72.45,110.06,6.73
331,Sandeep Sharma,16,13,26,7,8.67,39,66.67,-,-,-,2,1,-,39,39,-,15.38,15.38,-,2.56,4,10.26,0.58,5.94,1.63,2.44,-95.9,75.33,10.81
332,Parvez Rasool,5,3,17,10,8.5,20,85,-,-,-,-,1,-,20,20,-,23.53,23.53,-,5,4,20,0.68,13.68,3.4,4,-89.05,93.5,8.4
332,Sreesanth,14,10,34,15,8.5,55,61.82,-,-,-,3,6,-,9.17,9.17,-,70.59,70.59,-,10.91,4,43.64,0.2,8.91,2.43,3.93,-94.31,70.32,9.57
334,Zaheer Khan,32,18,117,23,8.36,141,82.98,-,-,-,5,11,2,10.85,12.82,70.5,47.86,37.61,10.26,9.22,4.31,39.72,0.48,18.93,3.66,4.41,-88.51,91.34,9.06
335,Shivnarine Chanderpaul,3,-,25,16,8.33,31,80.65,-,-,-,-,4,-,7.75,7.75,-,64,64,-,12.9,4,51.61,0.33,17.2,8.33,10.33,-74.54,88.98,1.33
336,Bhuvneshwar Kumar,38,17,171,24,8.14,173,98.84,-,-,-,4,16,3,9.11,10.81,57.67,47.95,37.43,10.53,10.98,4.32,47.4,0.58,27.39,4.5,4.55,-83.15,106.99,8.84
337,Mohit Sharma,26,11,122,21,8.13,115,106.09,-,-,-,3,8,4,9.58,14.38,28.75,45.9,26.23,19.67,10.43,4.67,48.7,0.64,31.2,4.69,4.42,-81.14,114.22,9.15
338,Dhruv Shorey,1,-,8,8,8,9,88.89,-,-,-,-,-,1,9,-,9,75,-,75,11.11,6,66.67,0.25,16.67,8,9,-73.06,96.89,4
338,Tanmay Srivastava,3,2,8,7,8,11,72.73,-,-,-,-,-,-,-,-,-,-,-,-,-,-,-,0.73,-,2.67,3.67,-92.65,80.73,7.67
338,Clint McKay,1,-,8,8,8,15,53.33,-,-,-,-,-,-,-,-,-,-,-,-,-,-,-,0.53,-,8,15,-83.84,61.33,8
338,Jaskaran Singh,5,4,8,4*,8,11,72.73,-,-,-,-,-,-,-,-,-,-,-,-,-,-,-,0.73,-,1.6,2.2,-95.59,80.73,9.2
338,Javon Searles,2,1,8,6*,8,6,133.33,-,-,-,-,-,1,6,-,6,75,-,75,16.67,6,100,0.4,40,4,3,-79.8,141.33,8
338,Prashant Chopra,1,-,8,8,8,6,133.33,-,-,-,-,2,-,3,3,-,100,100,-,33.33,4,133.33,-,-,8,6,-59.6,141.33,5
344,Asad Pathan,7,2,39,14*,7.8,23,169.57,-,-,-,2,5,2,3.29,4.6,11.5,82.05,51.28,30.77,30.43,4.57,139.13,0.44,60.87,5.57,3.29,-64.22,177.37,5
345,Jagadeesh Arunkumar,3,-,23,22,7.67,23,100,-,-,-,1,5,-,4.6,4.6,-,86.96,86.96,-,21.74,4,86.96,0.17,14.49,7.67,7.67,-70.96,107.67,1
345,Jeevan Mendis,3,-,23,12,7.67,27,85.19,-,-,-,1,-,-,-,-,-,-,-,-,-,-,-,0.85,-,7.67,9,-75.26,92.85,5
345,Tom Curran,4,1,23,18*,7.67,28,82.14,-,-,-,-,3,-,9.33,9.33,-,52.17,52.17,-,10.71,4,42.86,0.44,18.86,5.75,7,-82.11,89.81,8
345,Shaun Tait,5,2,23,11,7.67,26,88.46,-,-,-,1,1,1,13,26,26,43.48,17.39,26.09,7.69,5,38.46,0.54,20.83,4.6,5.2,-84.59,96.13,10
349,Jason Holder,5,-,38,16,7.6,31,122.58,-,-,-,1,4,2,5.17,7.75,15.5,73.68,42.11,31.58,19.35,4.67,90.32,0.4,36.13,7.6,6.2,-64.71,130.18,7.4
350,Dale Steyn,35,13,166,19,7.55,158,105.06,-,-,-,5,14,3,9.29,11.29,52.67,44.58,33.73,10.84,10.76,4.35,46.84,0.65,30.56,4.74,4.51,-81.12,112.61,9.23
351,Sean Abbott,2,-,15,14,7.5,13,115.38,-,-,-,-,1,1,6.5,13,13,66.67,26.67,40,15.38,5,76.92,0.45,34.97,7.5,6.5,-67.22,122.88,7
351,Yo Mahesh,5,3,15,6,7.5,27,55.56,-,-,-,-,-,-,-,-,-,-,-,-,-,-,-,0.56,-,3,5.4,-93.69,63.06,9
351,Ishant Sharma,22,16,45,9,7.5,58,77.59,-,-,-,1,3,1,14.5,19.33,58,40,26.67,13.33,6.9,4.5,31.03,0.5,15.52,2.05,2.64,-93.99,85.09,9.91
354,Mitchell McClenaghan,20,10,74,20,7.4,54,137.04,-,-,-,5,3,7,5.4,18,7.71,72.97,16.22,56.76,18.52,5.4,100,0.45,45.45,3.7,2.7,-80.79,144.44,8.6
355,Shardul Thakur,5,2,22,15*,7.33,14,157.14,-,-,-,3,4,-,3.5,3.5,-,72.73,72.73,-,28.57,4,114.29,0.6,68.57,4.4,2.8,-73.81,164.48,8.8
355,Matthew Wade,3,-,22,11,7.33,33,66.67,-,-,-,-,-,-,-,-,-,-,-,-,-,-,-,0.67,-,7.33,11,-81.48,74,4
355,Brad Hogg,6,3,22,13,7.33,22,100,-,-,-,-,1,-,22,22,-,18.18,18.18,-,4.55,4,18.18,0.86,15.58,3.67,3.67,-86.11,107.33,9.33
358,Rinku Singh,4,-,29,16,7.25,31,93.55,-,-,-,-,4,-,7.75,7.75,-,55.17,55.17,-,12.9,4,51.61,0.48,24.85,7.25,7.75,-74.31,100.8,6
359,Anureet Singh,9,4,36,15,7.2,47,76.6,-,-,-,3,2,1,15.67,23.5,47,38.89,22.22,16.67,6.38,4.67,29.79,0.5,14.89,4,5.22,-88.39,83.8,9.67
360,Sanjay Bangar,8,1,49,17,7,58,84.48,-,-,-,1,1,3,14.5,58,19.33,44.9,8.16,36.73,6.9,5.5,37.93,0.5,18.97,6.13,7.25,-80.4,91.48,7.13
360,Brainder Sran,8,7,7,2,7,11,63.64,-,-,-,-,-,-,-,-,-,-,-,-,-,-,-,0.64,-,0.88,1.38,-97.89,70.64,9.25
360,Vikramjeet Malik,2,1,7,6,7,7,100,-,-,-,-,1,-,7,7,-,57.14,57.14,-,14.29,4,57.14,0.5,28.57,3.5,3.5,-86.74,107,10
360,Udit Birla,1,-,7,7,7,14,50,-,-,-,-,1,-,14,14,-,57.14,57.14,-,7.14,4,28.57,0.23,6.59,7,14,-86.74,57,4
360,Wayne Parnell,13,4,63,16,7,75,84,-,-,-,-,4,1,15,18.75,75,34.92,25.4,9.52,6.67,4.4,29.33,0.59,17.18,4.85,5.77,-84.58,91,7.38
360,Farhaan Behardien,3,1,14,9*,7,13,107.69,-,-,-,1,2,-,6.5,6.5,-,57.14,57.14,-,15.38,4,61.54,0.55,33.57,4.67,4.33,-80.96,114.69,6.33
360,Kushal Janith Perera,2,-,14,14,7,13,107.69,-,-,-,1,3,-,4.33,4.33,-,85.71,85.71,-,23.08,4,92.31,0.2,18.46,7,6.5,-71.45,114.69,1
367,Abhimanyu Mithun,8,3,34,11,6.8,26,130.77,-,-,-,1,4,1,5.2,6.5,26,64.71,47.06,17.65,19.23,4.4,84.62,0.57,48.35,4.25,3.25,-78.95,137.57,8.25
367,Luke Ronchi,5,-,34,13,6.8,34,100,-,-,-,1,6,1,4.86,5.67,34,88.24,70.59,17.65,20.59,4.29,88.24,0.15,13.07,6.8,6.8,-74.24,106.8,1
369,Nic Maddinson,3,-,20,12,6.67,21,95.24,-,-,-,-,4,-,5.25,5.25,-,80,80,-,19.05,4,76.19,0.24,17.93,6.67,7,-75.95,101.9,1.33
369,Mohammad Nabi,3,-,20,14,6.67,15,133.33,-,-,-,-,3,-,5,5,-,60,60,-,20,4,80,0.67,53.33,6.67,5,-66.33,140,7
371,Mohammad Shami,14,6,53,21,6.63,51,103.92,-,-,-,1,5,2,7.29,10.2,25.5,60.38,37.74,22.64,13.73,4.57,62.75,0.48,29.95,3.79,3.64,-85.1,110.55,9.21
372,Nathan Coulter-Nile,12,4,52,9,6.5,50,104,-,-,-,-,3,4,7.14,16.67,12.5,69.23,23.08,46.15,14,5.14,72,0.37,26.79,4.33,4.17,-82.93,110.5,8.33
372,Munaf Patel,15,9,39,23,6.5,41,95.12,-,-,-,5,5,-,8.2,8.2,-,51.28,51.28,-,12.2,4,48.78,0.53,25.75,2.6,2.73,-90.63,101.62,10.47
372,Devraj Patil,2,-,13,9,6.5,13,100,-,-,-,-,1,-,13,13,-,30.77,30.77,-,7.69,4,30.77,0.75,23.08,6.5,6.5,-75.38,106.5,7.5
375,Vishnu Vinod,3,-,19,9,6.33,26,73.08,-,-,-,-,1,1,13,26,26,52.63,21.05,31.58,7.69,5,38.46,0.38,14.42,6.33,8.67,-82.47,79.41,3.33
375,Rajesh Bishnoi,3,-,19,18,6.33,17,111.76,-,-,-,1,1,2,5.67,17,8.5,84.21,21.05,63.16,17.65,5.33,94.12,0.21,20.17,6.33,5.67,-73.19,118.1,6
377,Thilan Thushara,4,2,12,8*,6,18,66.67,-,-,-,-,-,-,-,-,-,-,-,-,-,-,-,0.67,-,3,4.5,-92.42,72.67,8.5
377,Siddharth Trivedi,15,8,42,9*,6,59,71.19,-,-,-,1,3,1,14.75,19.67,59,42.86,28.57,14.29,6.78,4.5,30.51,0.44,13.31,2.8,3.93,-92.45,77.19,10.53
377,Bhargav Bhatt,2,1,6,6,6,7,85.71,-,-,-,1,-,1,7,-,7,100,-,100,14.29,6,85.71,-,-,3,3.5,-90.26,91.71,11
377,Shoaib Shaikh,1,-,6,6,6,7,85.71,-,-,-,-,1,-,7,7,-,66.67,66.67,-,14.29,4,57.14,0.33,19.05,6,7,-80.52,91.71,7
377,Peter Handscomb,1,-,6,6,6,12,50,-,-,-,-,-,-,-,-,-,-,-,-,-,-,-,0.5,-,6,12,-88.64,56,4
377,Ankeet Chavan,3,1,12,7,6,11,109.09,-,-,-,-,2,-,5.5,5.5,-,66.67,66.67,-,18.18,4,72.73,0.44,32.32,4,3.67,-83.47,115.09,8.33
383,Ashish Nehra,22,15,41,22,5.86,62,66.13,-,-,-,5,3,1,15.5,20.67,62,43.9,29.27,14.63,6.45,4.5,29.03,0.4,11.51,1.86,2.82,-95.33,71.99,10.18
384,Akshdeep Nath,5,-,29,12,5.8,41,70.73,-,-,-,1,2,-,20.5,20.5,-,27.59,27.59,-,4.88,4,19.51,0.54,10.51,5.8,8.2,-84.46,76.53,6.4
385,Lasith Malinga,25,9,88,17,5.5,99,88.89,-,-,-,6,6,5,9,16.5,19.8,61.36,27.27,34.09,11.11,4.91,54.55,0.39,21.07,3.52,3.96,-88.15,94.39,9.64
385,Tyron Henderson,2,-,11,11,5.5,16,68.75,-,-,-,1,-,1,16,-,16,54.55,-,54.55,6.25,6,37.5,0.33,12.5,5.5,8,-85.68,74.25,6
387,Chamara Kapugedera,3,-,16,8,5.33,23,69.57,-,-,-,1,-,-,-,-,-,-,-,-,-,-,-,0.7,-,5.33,7.67,-85.95,74.9,5.67
388,Shivam Sharma,2,1,5,4,5,3,166.67,-,-,-,-,1,-,3,3,-,80,80,-,33.33,4,133.33,0.5,66.67,2.5,1.5,-84.22,171.67,9.5
388,Rusty Theron,4,2,10,7,5,12,83.33,-,-,-,1,1,-,12,12,-,40,40,-,8.33,4,33.33,0.55,18.18,2.5,3,-92.11,88.33,9
388,KC Cariappa,4,1,15,12,5,18,83.33,-,-,-,-,-,1,18,-,18,40,-,40,5.56,6,33.33,0.53,17.65,3.75,4.5,-88.16,88.33,9.5
388,Shalabh Srivastava,4,3,5,3,5,5,100,-,-,-,1,-,-,-,-,-,-,-,-,-,-,-,1,-,1.25,1.25,-95.27,105,10.5
388,Trent Boult,2,1,5,5,5,10,50,-,-,-,1,-,-,-,-,-,-,-,-,-,-,-,0.5,-,2.5,5,-95.27,55,10.5
388,Tim Paine,2,-,10,8,5,26,38.46,-,-,-,-,-,-,-,-,-,-,-,-,-,-,-,0.38,-,5,13,-92.72,43.46,2
388,Yuzvendra Chahal,11,8,15,4,5,32,46.88,-,-,-,1,-,-,-,-,-,-,-,-,-,-,-,0.47,-,1.36,2.91,-97.58,51.88,10.91
388,Imran Tahir,7,3,20,5,5,27,74.07,-,-,-,-,3,-,9,9,-,60,60,-,11.11,4,44.44,0.33,14.81,2.86,3.86,-91.98,79.07,10.14
396,Rahul Sharma,20,6,66,14,4.71,75,88,-,-,-,8,5,3,9.38,15,25,57.58,30.3,27.27,10.67,4.75,50.67,0.42,21.17,3.3,3.75,-89,92.71,9.3
397,Lakshmipathy Balaji,15,7,36,15,4.5,49,73.47,-,-,-,5,2,1,16.33,24.5,49,38.89,22.22,16.67,6.12,4.67,28.57,0.48,13.66,2.4,3.27,-93.32,77.97,9.8
397,Harmeet Singh,6,2,18,14,4.5,12,150,-,-,-,2,3,-,4,4,-,66.67,66.67,-,25,4,100,0.67,66.67,3,2,-82.95,154.5,9.83
399,Shivam Mavi,4,1,13,7,4.33,15,86.67,-,-,-,1,1,-,15,15,-,30.77,30.77,-,6.67,4,26.67,0.64,17.14,3.25,3.75,-89.33,91,8.75
400,Ankit Rajpoot,5,1,17,8*,4.25,31,54.84,-,-,-,-,2,-,15.5,15.5,-,47.06,47.06,-,6.45,4,25.81,0.31,8.01,3.4,6.2,-92.94,59.09,10.6
401,Siddarth Kaul,8,5,12,7,4,27,44.44,-,-,-,1,-,-,-,-,-,-,-,-,-,-,-,0.44,-,1.5,3.38,-97.47,48.44,10.25
401,Fidel Edwards,2,1,4,3,4,5,80,-,-,-,-,-,-,-,-,-,-,-,-,-,-,-,0.8,-,2,2.5,-93.94,84,8.5
401,Amit Uniyal,2,1,4,4,4,7,57.14,-,-,-,1,-,-,-,-,-,-,-,-,-,-,-,0.57,-,2,3.5,-95.67,61.14,8
401,Charl Langeveldt,2,-,8,8,4,9,88.89,-,-,-,1,-,1,9,-,9,75,-,75,11.11,6,66.67,0.25,16.67,4,4.5,-86.53,92.89,10
401,Swapnil Singh,3,-,12,10,4,20,60,-,-,-,1,-,-,-,-,-,-,-,-,-,-,-,0.6,-,4,6.67,-90.91,64,8
401,Glenn McGrath,3,2,4,4,4,5,80,-,-,-,1,1,-,5,5,-,100,100,-,20,4,80,-,-,1.33,1.67,-95.96,84,11
401,Dirk Nannes,3,2,4,3,4,13,30.77,-,-,-,-,-,-,-,-,-,-,-,-,-,-,-,0.31,-,1.33,4.33,-98.45,34.77,10.67
408,Taruwar Kohli,4,1,11,7,3.67,19,57.89,-,-,-,-,-,1,19,-,19,54.55,-,54.55,5.26,6,31.58,0.28,8.77,2.75,4.75,-93.97,61.56,5.5
409,Ankit Soni,3,1,7,7,3.5,9,77.78,-,-,-,2,-,1,9,-,9,85.71,-,85.71,11.11,6,66.67,0.13,8.33,2.33,3,-93.13,81.28,10.33
409,Pankaj Singh,5,3,7,4,3.5,12,58.33,-,-,-,1,-,-,-,-,-,-,-,-,-,-,-,0.58,-,1.4,2.4,-96.91,61.83,9.4
409,Adam Milne,3,1,7,5,3.5,12,58.33,-,-,-,-,-,-,-,-,-,-,-,-,-,-,-,0.58,-,2.33,4,-94.84,61.83,8
409,Arindam Ghosh,2,-,7,7,3.5,8,87.5,-,-,-,1,1,-,8,8,-,57.14,57.14,-,12.5,4,50,0.43,21.43,3.5,4,-88.4,91,4.5
413,RP Singh,30,15,52,10*,3.47,76,68.42,-,-,-,5,2,1,25.33,38,76,26.92,15.38,11.54,3.95,4.67,18.42,0.52,9.59,1.73,2.53,-95.51,71.89,9.6
414,Pradeep Sangwan,14,7,24,6,3.43,39,61.54,-,-,-,4,1,-,39,39,-,16.67,16.67,-,2.56,4,10.26,0.53,5.4,1.71,2.79,-96,64.97,8.79
415,Muttiah Muralitharan,9,3,20,6,3.33,30,66.67,-,-,-,2,1,-,30,30,-,20,20,-,3.33,4,13.33,0.55,7.36,2.22,3.33,-94.39,70,10.33
416,Sunil Joshi,2,-,6,3,3,14,42.86,-,-,-,-,-,-,-,-,-,-,-,-,-,-,-,0.43,-,3,7,-95.13,45.86,9.5
416,Ryan Ninan,1,-,3,3,3,6,50,-,-,-,-,-,-,-,-,-,-,-,-,-,-,-,0.5,-,3,6,-94.32,53,10
416,Jerome Taylor,2,1,3,2,3,3,100,-,-,-,-,-,-,-,-,-,-,-,-,-,-,-,1,-,1.5,1.5,-94.32,103,8.5
416,Jofra Archer,8,3,15,8,3,21,71.43,-,-,-,3,2,-,10.5,10.5,-,53.33,53.33,-,9.52,4,38.1,0.37,14.04,1.88,2.63,-94.93,74.43,7.13
416,Sudeep Tyagi,3,2,3,3,3,4,75,-,-,-,1,-,-,-,-,-,-,-,-,-,-,-,0.75,-,1,1.33,-97.16,78,11
416,Younis Khan,1,-,3,3,3,7,42.86,-,-,-,-,-,-,-,-,-,-,-,-,-,-,-,0.43,-,3,7,-95.13,45.86,3
416,Doddapaneni Kalyankrishna,1,-,3,3,3,8,37.5,-,-,-,-,-,-,-,-,-,-,-,-,-,-,-,0.38,-,3,8,-95.74,40.5,9
416,Jayant Yadav,2,-,6,5,3,10,60,-,-,-,-,-,-,-,-,-,-,-,-,-,-,-,0.6,-,3,5,-93.18,63,8.5
424,Shahbaz Nadeem,19,7,32,6,2.67,78,41.03,-,-,-,5,1,-,78,78,-,12.5,12.5,-,1.28,4,5.13,0.36,1.86,1.68,4.11,-97.38,43.69,9.32
424,Tymal Mills,3,-,8,6,2.67,11,72.73,-,-,-,1,-,1,11,-,11,75,-,75,9.09,6,54.55,0.2,10.91,2.67,3.67,-92.65,75.39,9
426,Ashok Dinda,17,7,26,7,2.6,48,54.17,-,-,-,6,2,-,24,24,-,30.77,30.77,-,4.17,4,16.67,0.39,6.52,1.53,2.82,-96.86,56.77,10.53
426,Samuel Badree,5,-,13,8,2.6,23,56.52,-,-,-,2,-,-,-,-,-,-,-,-,-,-,-,0.57,-,2.6,4.6,-94.43,59.12,8.6
428,Ben Laughlin,4,2,5,4,2.5,13,38.46,-,-,-,2,-,-,-,-,-,-,-,-,-,-,-,0.38,-,1.25,3.25,-98.18,40.96,10.5
428,Adam Zampa,2,-,5,5,2.5,8,62.5,-,-,-,1,1,-,8,8,-,80,80,-,12.5,4,50,0.14,7.14,2.5,4,-94.08,65,9
428,Parvinder Awana,7,5,5,4,2.5,14,35.71,-,-,-,2,-,-,-,-,-,-,-,-,-,-,-,0.36,-,0.71,2,-99.03,38.21,10.57
431,Halhadar Das,1,-,2,2,2,5,40,-,-,-,-,-,-,-,-,-,-,-,-,-,-,-,0.4,-,2,5,-96.97,42,8
431,KP Appanna,3,2,2,1,2,4,50,-,-,-,-,-,-,-,-,-,-,-,-,-,-,-,0.5,-,0.67,1.33,-98.74,52,11
431,Vikram Singh,2,-,4,4,2,3,133.33,-,-,-,1,1,-,3,3,-,100,100,-,33.33,4,133.33,-,-,2,1.5,-89.9,135.33,10.5
431,Mohammad Ashraful,1,-,2,2,2,10,20,-,-,-,-,-,-,-,-,-,-,-,-,-,-,-,0.2,-,2,10,-98.48,22,4
431,Vikrant Yeligati,1,-,2,2,2,2,100,-,-,-,-,-,-,-,-,-,-,-,-,-,-,-,1,-,2,2,-92.42,102,11
431,Shoaib Akhtar,1,-,2,2,2,7,28.57,-,-,-,-,-,-,-,-,-,-,-,-,-,-,-,0.29,-,2,7,-97.84,30.57,9
431,Rohan Gavaskar,1,-,2,2,2,8,25,-,-,-,-,-,-,-,-,-,-,-,-,-,-,-,0.25,-,2,8,-98.11,27,8
431,Suraj Randiv,1,-,2,2,2,4,50,-,-,-,-,-,-,-,-,-,-,-,-,-,-,-,0.5,-,2,4,-96.21,52,10
439,Chris Jordan,2,-,3,3,1.5,5,60,-,-,-,1,-,-,-,-,-,-,-,-,-,-,-,0.6,-,1.5,2.5,-96.59,61.5,7.5
439,Ajantha Mendis,3,1,3,2,1.5,6,50,-,-,-,1,-,-,-,-,-,-,-,-,-,-,-,0.5,-,1,2,-98.11,51.5,9.67
439,Kamran Khan,3,1,3,3,1.5,5,60,-,-,-,1,-,-,-,-,-,-,-,-,-,-,-,0.6,-,1,1.67,-97.73,61.5,11
439,Mohammad Asif,2,-,3,3,1.5,6,50,-,-,-,1,-,-,-,-,-,-,-,-,-,-,-,0.5,-,1.5,3,-97.16,51.5,10
443,Pragyan Ojha,23,11,16,3,1.33,45,35.56,-,-,-,6,-,-,-,-,-,-,-,-,-,-,-,0.36,-,0.7,1.96,-99.06,36.89,10.35
444,Marchant de Lange,1,-,1,1,1,2,50,-,-,-,-,-,-,-,-,-,-,-,-,-,-,-,0.5,-,1,2,-98.11,51,9
444,Liam Plunkett,2,1,1,1,1,3,33.33,-,-,-,1,-,-,-,-,-,-,-,-,-,-,-,0.33,-,0.5,1.5,-99.37,34.33,7.5
444,Domnic Joseph,2,1,1,1*,1,3,33.33,-,-,-,-,-,-,-,-,-,-,-,-,-,-,-,0.33,-,0.5,1.5,-99.37,34.33,11
444,Shrikant Wagh,2,-,2,2,1,3,66.67,-,-,-,1,-,-,-,-,-,-,-,-,-,-,-,0.67,-,1,1.5,-97.47,67.67,9
444,Shane Bond,1,-,1,1,1,2,50,-,-,-,-,-,-,-,-,-,-,-,-,-,-,-,0.5,-,1,2,-98.11,51,9
444,Beuran Hendricks,3,2,1,1,1,3,33.33,-,-,-,1,-,-,-,-,-,-,-,-,-,-,-,0.33,-,0.33,1,-99.58,34.33,9
444,Mark Wood,1,-,1,1,1,3,33.33,-,-,-,-,-,-,-,-,-,-,-,-,-,-,-,0.33,-,1,3,-98.74,34.33,10
444,Mustafizur Rahman,2,1,1,1,1,3,33.33,-,-,-,-,-,-,-,-,-,-,-,-,-,-,-,0.33,-,0.5,1.5,-99.37,34.33,11
444,Ish Sodhi,1,-,1,1,1,6,16.67,-,-,-,-,-,-,-,-,-,-,-,-,-,-,-,0.17,-,1,6,-99.37,17.67,9
453,Murugan Ashwin,2,-,1,1,0.5,3,33.33,-,-,-,1,-,-,-,-,-,-,-,-,-,-,-,0.33,-,0.5,1.5,-99.37,33.83,8.5
453,Amit Singh,5,1,2,1,0.5,10,20,-,-,-,3,-,-,-,-,-,-,-,-,-,-,-,0.2,-,0.4,2,-99.7,20.5,9.6
453,Shoaib Ahmed,3,1,1,1,0.5,6,16.67,-,-,-,2,-,-,-,-,-,-,-,-,-,-,-,0.17,-,0.33,2,-99.79,17.17,9.67
