Player Name,Inn,NO,4s,6s,Balls,Runs,SR,Ave,hard_hitter,finisher,fast_scorer,consistent,balls_without_boundry,run_betn_wkts,player_initial,Surname
AB de Villiers,129.0,29.0,326.0,186.0,2619.0,3953.0,150.94,39.53,0.9240168003054601,0.2248062015503876,1.5093547155402824,39.53,2107.0,0.7275747508305648,A,Villiers
Aakash Chopra,6.0,0.0,7.0,0.0,71.0,53.0,74.65,8.83,0.39436619718309857,0.0,0.7464788732394366,8.833333333333334,64.0,0.390625,A,Chopra
Aaron Finch,73.0,6.0,176.0,67.0,1329.0,1737.0,130.7,25.93,0.8322046651617758,0.0821917808219178,1.306997742663657,25.925373134328357,1086.0,0.5810313075506446,A,Finch
Abhimanyu Mithun,8.0,3.0,4.0,1.0,26.0,34.0,130.77,6.8,0.8461538461538461,0.375,1.3076923076923077,6.8,21.0,0.5714285714285714,A,Mithun
Abhinav Mukund,2.0,0.0,1.0,0.0,22.0,19.0,86.36,9.5,0.18181818181818182,0.0,0.8636363636363636,9.5,21.0,0.7142857142857143,A,Mukund
Abhishek Jhunjhunwala,16.0,3.0,19.0,5.0,210.0,217.0,103.33,16.69,0.5047619047619047,0.1875,1.0333333333333334,16.692307692307693,186.0,0.5967741935483871,A,Jhunjhunwala
Abhishek Nayar,50.0,12.0,55.0,20.0,577.0,672.0,116.46,17.68,0.5892547660311959,0.24,1.1646447140381282,17.68421052631579,502.0,0.6613545816733067,A,Nayar
Abhishek Raut,16.0,7.0,13.0,7.0,167.0,194.0,116.17,21.56,0.562874251497006,0.4375,1.1616766467065869,21.555555555555557,147.0,0.6802721088435374,A,Raut
Abhishek Sharma,3.0,2.0,3.0,5.0,33.0,63.0,190.91,63.0,1.2727272727272727,0.6666666666666666,1.9090909090909092,63.0,25.0,0.84,A,Sharma
Abu Nechim,6.0,5.0,4.0,1.0,26.0,36.0,138.46,36.0,0.8461538461538461,0.8333333333333334,1.3846153846153846,36.0,21.0,0.6666666666666666,A,Nechim
Adam Gilchrist,80.0,4.0,239.0,92.0,1495.0,2069.0,138.39,27.22,1.008695652173913,0.05,1.3839464882943144,27.223684210526315,1164.0,0.48195876288659795,A,Gilchrist
Adam Milne,3.0,1.0,0.0,0.0,12.0,7.0,58.33,3.5,0.0,0.3333333333333333,0.5833333333333334,3.5,12.0,0.5833333333333334,A,Milne
Adam Voges,7.0,3.0,15.0,3.0,143.0,181.0,126.57,45.25,0.5454545454545454,0.42857142857142855,1.2657342657342658,45.25,125.0,0.824,A,Voges
Adam Zampa,2.0,0.0,1.0,0.0,8.0,5.0,62.5,2.5,0.5,0.0,0.625,2.5,7.0,0.14285714285714285,A,Zampa
Aditya Dole,2.0,0.0,3.0,1.0,22.0,34.0,154.55,17.0,0.8181818181818182,0.0,1.5454545454545454,17.0,18.0,0.8888888888888888,A,Dole
Aditya Tare,28.0,4.0,40.0,11.0,273.0,339.0,124.18,14.13,0.8278388278388278,0.14285714285714285,1.2417582417582418,14.125,222.0,0.509009009009009,A,Tare
Adrian Barath,3.0,1.0,5.0,1.0,42.0,42.0,100.0,21.0,0.6190476190476191,0.3333333333333333,1.0,21.0,36.0,0.4444444444444444,A,Barath
Aiden Blizzard,7.0,0.0,21.0,2.0,90.0,120.0,133.33,17.14,1.0666666666666667,0.0,1.3333333333333333,17.142857142857142,67.0,0.3582089552238806,A,Blizzard
Ajantha Mendis,3.0,1.0,0.0,0.0,6.0,3.0,50.0,1.5,0.0,0.3333333333333333,0.5,1.5,6.0,0.5,A,Mendis
Ajinkya Rahane,119.0,15.0,359.0,65.0,2848.0,3427.0,120.33,32.95,0.6411516853932584,0.12605042016806722,1.2033005617977528,32.95192307692308,2424.0,0.6604785478547854,A,Rahane
Ajit Agarkar,22.0,12.0,13.0,5.0,154.0,179.0,116.23,17.9,0.5324675324675324,0.5454545454545454,1.1623376623376624,17.9,136.0,0.7132352941176471,A,Agarkar
Akshar Patel,51.0,15.0,37.0,32.0,542.0,686.0,126.57,19.06,0.6273062730627307,0.29411764705882354,1.2656826568265682,19.055555555555557,473.0,0.7315010570824524,A,Patel
Akshath Reddy,11.0,1.0,15.0,2.0,160.0,164.0,102.5,16.4,0.45,0.09090909090909091,1.025,16.4,143.0,0.6433566433566433,A,Reddy
Akshdeep Nath,5.0,0.0,2.0,0.0,41.0,29.0,70.73,5.8,0.1951219512195122,0.0,0.7073170731707317,5.8,39.0,0.5384615384615384,A,Nath
Albie Morkel,68.0,28.0,61.0,55.0,686.0,974.0,141.98,24.35,0.8367346938775511,0.4117647058823529,1.4198250728862973,24.35,570.0,0.7017543859649122,A,Morkel
Alex Hales,6.0,0.0,13.0,6.0,118.0,148.0,125.42,24.67,0.7457627118644068,0.0,1.2542372881355932,24.666666666666668,99.0,0.6060606060606061,A,Hales
Alfonso Thomas,4.0,2.0,1.0,1.0,19.0,20.0,105.26,10.0,0.5263157894736842,0.5,1.0526315789473684,10.0,17.0,0.5882352941176471,A,Thomas
Ali Murtaza,3.0,2.0,1.0,0.0,14.0,10.0,71.43,10.0,0.2857142857142857,0.6666666666666666,0.7142857142857143,10.0,13.0,0.46153846153846156,A,Murtaza
Ambati Rayudu,123.0,20.0,258.0,113.0,2317.0,3018.0,130.25,29.3,0.7380233059991368,0.16260162601626016,1.3025463962019854,29.300970873786408,1946.0,0.6721479958890031,A,Rayudu
Amit Mishra,52.0,23.0,27.0,5.0,365.0,341.0,93.42,11.76,0.3780821917808219,0.4423076923076923,0.9342465753424658,11.758620689655173,333.0,0.6096096096096096,A,Mishra
Amit Paunikar,5.0,0.0,9.0,0.0,58.0,49.0,84.48,9.8,0.6206896551724138,0.0,0.8448275862068966,9.8,49.0,0.2653061224489796,A,Paunikar
Amit Singh,5.0,1.0,0.0,0.0,10.0,2.0,20.0,0.5,0.0,0.2,0.2,0.5,10.0,0.2,A,Singh
Amit Uniyal,2.0,1.0,0.0,0.0,7.0,4.0,57.14,4.0,0.0,0.5,0.5714285714285714,4.0,7.0,0.5714285714285714,A,Uniyal
Andre Russell,39.0,6.0,65.0,68.0,502.0,890.0,177.29,26.97,1.3306772908366533,0.15384615384615385,1.7729083665338645,26.96969696969697,369.0,0.6016260162601627,A,Russell
Andrew Flintoff,3.0,1.0,5.0,2.0,53.0,62.0,116.98,31.0,0.6037735849056604,0.3333333333333333,1.169811320754717,31.0,46.0,0.6521739130434783,A,Flintoff
Andrew McDonald,9.0,4.0,9.0,4.0,100.0,123.0,123.0,24.6,0.6,0.4444444444444444,1.23,24.6,87.0,0.7241379310344828,A,McDonald
Andrew Symonds,36.0,9.0,74.0,41.0,750.0,974.0,129.87,36.07,0.7226666666666667,0.25,1.2986666666666666,36.074074074074076,635.0,0.6803149606299213,A,Symonds
Andrew Tye,11.0,3.0,6.0,4.0,68.0,85.0,125.0,10.63,0.7058823529411765,0.2727272727272727,1.25,10.625,58.0,0.6379310344827587,A,Tye
Angelo Mathews,42.0,11.0,44.0,29.0,575.0,724.0,125.91,23.35,0.6086956521739131,0.2619047619047619,1.2591304347826087,23.35483870967742,502.0,0.7450199203187251,A,Mathews
Aniket Choudhary,3.0,2.0,1.0,1.0,20.0,25.0,125.0,25.0,0.5,0.6666666666666666,1.25,25.0,18.0,0.8333333333333334,A,Choudhary
Anil Kumble,17.0,14.0,3.0,0.0,47.0,35.0,74.47,11.67,0.2553191489361702,0.8235294117647058,0.7446808510638298,11.666666666666666,44.0,0.5227272727272727,A,Kumble
Anirudh Singh,4.0,0.0,6.0,1.0,66.0,63.0,95.45,15.75,0.45454545454545453,0.0,0.9545454545454546,15.75,59.0,0.559322033898305,A,Singh
Ankeet Chavan,3.0,1.0,2.0,0.0,11.0,12.0,109.09,6.0,0.7272727272727273,0.3333333333333333,1.0909090909090908,6.0,9.0,0.4444444444444444,A,Chavan
Ankit Rajpoot,5.0,1.0,2.0,0.0,31.0,17.0,54.84,4.25,0.25806451612903225,0.2,0.5483870967741935,4.25,29.0,0.3103448275862069,A,Rajpoot
Ankit Sharma,10.0,3.0,7.0,4.0,67.0,87.0,129.85,12.43,0.7761194029850746,0.3,1.2985074626865671,12.428571428571429,56.0,0.625,A,Sharma
Ankit Soni,3.0,1.0,0.0,1.0,9.0,7.0,77.78,3.5,0.6666666666666666,0.3333333333333333,0.7777777777777778,3.5,8.0,0.125,A,Soni
Anureet Singh,9.0,4.0,2.0,1.0,47.0,36.0,76.6,7.2,0.2978723404255319,0.4444444444444444,0.7659574468085106,7.2,44.0,0.5,A,Singh
Anustup Majumdar,4.0,0.0,7.0,2.0,76.0,87.0,114.47,21.75,0.5263157894736842,0.0,1.144736842105263,21.75,67.0,0.7014925373134329,A,Majumdar
Arindam Ghosh,2.0,0.0,1.0,0.0,8.0,7.0,87.5,3.5,0.5,0.0,0.875,3.5,7.0,0.42857142857142855,A,Ghosh
Arjun Yadav,6.0,1.0,5.0,2.0,39.0,49.0,125.64,9.8,0.8205128205128205,0.16666666666666666,1.2564102564102564,9.8,32.0,0.53125,A,Yadav
Arun Karthik,8.0,3.0,4.0,1.0,51.0,51.0,100.0,10.2,0.43137254901960786,0.375,1.0,10.2,46.0,0.6304347826086957,A,Karthik
Asad Pathan,7.0,2.0,5.0,2.0,23.0,39.0,169.57,7.8,1.391304347826087,0.2857142857142857,1.6956521739130435,7.8,16.0,0.4375,A,Pathan
Ashish Nehra,22.0,15.0,3.0,1.0,62.0,41.0,66.13,5.86,0.2903225806451613,0.6818181818181818,0.6612903225806451,5.857142857142857,58.0,0.39655172413793105,A,Nehra
Ashish Reddy,23.0,8.0,16.0,15.0,193.0,280.0,145.08,18.67,0.7979274611398963,0.34782608695652173,1.450777202072539,18.666666666666668,162.0,0.7777777777777778,A,Reddy
Ashley Noffke,1.0,0.0,1.0,0.0,10.0,9.0,90.0,9.0,0.4,0.0,0.9,9.0,9.0,0.5555555555555556,A,Noffke
Ashok Dinda,17.0,7.0,2.0,0.0,48.0,26.0,54.17,2.6,0.16666666666666666,0.4117647058823529,0.5416666666666666,2.6,46.0,0.391304347826087,A,Dinda
Ashok Menaria,23.0,2.0,24.0,18.0,356.0,401.0,112.64,19.1,0.5730337078651685,0.08695652173913043,1.1264044943820224,19.095238095238095,314.0,0.6273885350318471,A,Menaria
Azhar Bilakhia,7.0,2.0,5.0,0.0,85.0,69.0,81.18,13.8,0.23529411764705882,0.2857142857142857,0.8117647058823529,13.8,80.0,0.6125,A,Bilakhia
Azhar Mahmood,21.0,2.0,39.0,13.0,303.0,388.0,128.05,20.42,0.7722772277227723,0.09523809523809523,1.2805280528052805,20.42105263157895,251.0,0.6135458167330677,A,Mahmood
Balachandra Akhil,11.0,5.0,5.0,5.0,55.0,76.0,138.18,12.67,0.9090909090909091,0.45454545454545453,1.3818181818181818,12.666666666666666,45.0,0.5777777777777777,B,Akhil
Basil Thampi,7.0,6.0,1.0,1.0,34.0,31.0,91.18,31.0,0.29411764705882354,0.8571428571428571,0.9117647058823529,31.0,32.0,0.65625,B,Thampi
Ben Cutting,14.0,5.0,14.0,18.0,124.0,220.0,177.42,24.44,1.3225806451612903,0.35714285714285715,1.7741935483870968,24.444444444444443,92.0,0.6086956521739131,B,Cutting
Ben Dunk,3.0,0.0,7.0,0.0,35.0,40.0,114.29,13.33,0.8,0.0,1.1428571428571428,13.333333333333334,28.0,0.42857142857142855,B,Dunk
Ben Laughlin,4.0,2.0,0.0,0.0,13.0,5.0,38.46,2.5,0.0,0.5,0.38461538461538464,2.5,13.0,0.38461538461538464,B,Laughlin
Ben Rohrer,8.0,2.0,21.0,5.0,140.0,193.0,137.86,32.17,0.8142857142857143,0.25,1.3785714285714286,32.166666666666664,114.0,0.6929824561403509,B,Rohrer
Ben Stokes,24.0,2.0,35.0,21.0,382.0,512.0,134.03,23.27,0.6963350785340314,0.08333333333333333,1.3403141361256545,23.272727272727273,326.0,0.754601226993865,B,Stokes
Beuran Hendricks,3.0,2.0,0.0,0.0,3.0,1.0,33.33,1.0,0.0,0.6666666666666666,0.3333333333333333,1.0,3.0,0.3333333333333333,B,Hendricks
Bharat Chipli,21.0,6.0,28.0,7.0,251.0,280.0,111.55,18.67,0.6135458167330677,0.2857142857142857,1.1155378486055776,18.666666666666668,216.0,0.5833333333333334,B,Chipli
Bhargav Bhatt,2.0,1.0,0.0,1.0,7.0,6.0,85.71,6.0,0.8571428571428571,0.5,0.8571428571428571,6.0,6.0,0.0,B,Bhatt
Bhuvneshwar Kumar,38.0,17.0,16.0,3.0,173.0,171.0,98.84,8.14,0.47398843930635837,0.4473684210526316,0.9884393063583815,8.142857142857142,154.0,0.577922077922078,B,Kumar
Biplab Samantray,8.0,3.0,13.0,2.0,113.0,125.0,110.62,25.0,0.5663716814159292,0.375,1.1061946902654867,25.0,98.0,0.6224489795918368,B,Samantray
Bipul Sharma,17.0,9.0,11.0,9.0,123.0,187.0,152.03,23.38,0.7967479674796748,0.5294117647058824,1.5203252032520325,23.375,103.0,0.8640776699029126,B,Sharma
Bodapati Sumanth,4.0,3.0,3.0,0.0,37.0,35.0,94.59,35.0,0.32432432432432434,0.75,0.9459459459459459,35.0,34.0,0.6764705882352942,B,Sumanth
Brad Haddin,1.0,0.0,2.0,1.0,11.0,18.0,163.64,18.0,1.2727272727272727,0.0,1.6363636363636365,18.0,8.0,0.5,B,Haddin
Brad Hodge,63.0,21.0,122.0,43.0,1118.0,1400.0,125.22,33.33,0.667262969588551,0.3333333333333333,1.2522361359570662,33.333333333333336,953.0,0.6862539349422875,B,Hodge
Brad Hogg,6.0,3.0,1.0,0.0,22.0,22.0,100.0,7.33,0.18181818181818182,0.5,1.0,7.333333333333333,21.0,0.8571428571428571,B,Hogg
Brainder Sran,8.0,7.0,0.0,0.0,11.0,7.0,63.64,7.0,0.0,0.875,0.6363636363636364,7.0,11.0,0.6363636363636364,B,Sran
Brendon McCullum,109.0,5.0,293.0,130.0,2186.0,2880.0,131.75,27.69,0.8929551692589204,0.045871559633027525,1.3174748398902105,27.692307692307693,1763.0,0.5263754963131027,B,McCullum
Brett Lee,19.0,9.0,8.0,8.0,97.0,124.0,127.84,12.4,0.8247422680412371,0.47368421052631576,1.2783505154639174,12.4,81.0,0.5432098765432098,B,Lee
Callum Ferguson,8.0,2.0,9.0,0.0,117.0,98.0,83.76,16.33,0.3076923076923077,0.25,0.8376068376068376,16.333333333333332,108.0,0.5740740740740741,C,Ferguson
Cameron White,45.0,9.0,76.0,36.0,755.0,954.0,126.36,26.5,0.6887417218543046,0.2,1.2635761589403973,26.5,643.0,0.6749611197511665,C,White
Carlos Brathwaite,12.0,1.0,9.0,16.0,101.0,170.0,168.32,15.45,1.306930693069307,0.08333333333333333,1.683168316831683,15.454545454545455,76.0,0.5,C,Brathwaite
Chamara Kapugedera,3.0,0.0,0.0,0.0,23.0,16.0,69.57,5.33,0.0,0.0,0.6956521739130435,5.333333333333333,23.0,0.6956521739130435,C,Kapugedera
Chamara Silva,3.0,1.0,5.0,1.0,26.0,40.0,153.85,20.0,1.0,0.3333333333333333,1.5384615384615385,20.0,20.0,0.7,C,Silva
Chaminda Vaas,11.0,3.0,2.0,3.0,73.0,81.0,110.96,10.13,0.3561643835616438,0.2727272727272727,1.1095890410958904,10.125,68.0,0.8088235294117647,C,Vaas
Chandan Madan,1.0,0.0,3.0,0.0,19.0,15.0,78.95,15.0,0.631578947368421,0.0,0.7894736842105263,15.0,16.0,0.1875,C,Madan
Charl Langeveldt,2.0,0.0,0.0,1.0,9.0,8.0,88.89,4.0,0.6666666666666666,0.0,0.8888888888888888,4.0,8.0,0.25,C,Langeveldt
Cheteshwar Pujara,22.0,3.0,50.0,4.0,391.0,390.0,99.74,20.53,0.5728900255754475,0.13636363636363635,0.9974424552429667,20.526315789473685,337.0,0.49258160237388726,C,Pujara
Chidhambaram Gautam,13.0,3.0,17.0,6.0,150.0,169.0,112.67,16.9,0.6933333333333334,0.23076923076923078,1.1266666666666667,16.9,127.0,0.5118110236220472,C,Gautam
Chris Gayle,111.0,14.0,323.0,292.0,2650.0,3994.0,150.72,41.18,1.1486792452830188,0.12612612612612611,1.5071698113207548,41.175257731958766,2035.0,0.4668304668304668,C,Gayle
Chris Jordan,2.0,0.0,0.0,0.0,5.0,3.0,60.0,1.5,0.0,0.0,0.6,1.5,5.0,0.6,C,Jordan
Chris Lynn,28.0,3.0,87.0,41.0,620.0,875.0,141.13,35.0,0.9580645161290322,0.10714285714285714,1.4112903225806452,35.0,492.0,0.5711382113821138,C,Lynn
Chris Morris,33.0,20.0,36.0,25.0,291.0,485.0,166.67,37.31,1.0103092783505154,0.6060606060606061,1.6666666666666667,37.30769230769231,230.0,0.8304347826086956,C,Morris
Chris Woakes,11.0,5.0,5.0,2.0,66.0,63.0,95.45,10.5,0.48484848484848486,0.45454545454545453,0.9545454545454546,10.5,59.0,0.5254237288135594,C,Woakes
Clint McKay,1.0,0.0,0.0,0.0,15.0,8.0,53.33,8.0,0.0,0.0,0.5333333333333333,8.0,15.0,0.5333333333333333,C,McKay
Colin Ingram,3.0,1.0,2.0,0.0,26.0,21.0,80.77,10.5,0.3076923076923077,0.3333333333333333,0.8076923076923077,10.5,24.0,0.5416666666666666,C,Ingram
Colin Munro,8.0,0.0,10.0,4.0,71.0,93.0,130.99,11.63,0.9014084507042254,0.0,1.3098591549295775,11.625,57.0,0.5087719298245614,C,Munro
Colin de Grandhomme,17.0,4.0,14.0,16.0,176.0,257.0,146.02,19.77,0.8636363636363636,0.23529411764705882,1.4602272727272727,19.76923076923077,146.0,0.7191780821917808,C,Grandhomme
Corey Anderson,29.0,7.0,40.0,31.0,423.0,538.0,127.19,24.45,0.817966903073286,0.2413793103448276,1.2718676122931443,24.454545454545453,352.0,0.5454545454545454,C,Anderson
D'Arcy Short,7.0,0.0,11.0,5.0,99.0,115.0,116.16,16.43,0.7474747474747475,0.0,1.1616161616161615,16.428571428571427,83.0,0.4939759036144578,D,Short
Dale Steyn,35.0,13.0,14.0,3.0,158.0,166.0,105.06,7.55,0.46835443037974683,0.37142857142857144,1.0506329113924051,7.545454545454546,141.0,0.6524822695035462,D,Steyn
Damien Martyn,1.0,0.0,1.0,0.0,24.0,19.0,79.17,19.0,0.16666666666666666,0.0,0.7916666666666666,19.0,23.0,0.6521739130434783,D,Martyn
Daniel Christian,34.0,9.0,22.0,19.0,374.0,446.0,119.25,17.84,0.5401069518716578,0.2647058823529412,1.1925133689839573,17.84,333.0,0.7327327327327328,D,Christian
Daniel Harris,4.0,0.0,11.0,5.0,101.0,111.0,109.9,27.75,0.7326732673267327,0.0,1.099009900990099,27.75,85.0,0.43529411764705883,D,Harris
Daniel Vettori,17.0,9.0,11.0,2.0,113.0,121.0,107.08,15.13,0.49557522123893805,0.5294117647058824,1.0707964601769913,15.125,100.0,0.65,D,Vettori
Darren Lehmann,2.0,0.0,3.0,0.0,18.0,18.0,100.0,9.0,0.6666666666666666,0.0,1.0,9.0,15.0,0.4,D,Lehmann
Darren Sammy,20.0,5.0,15.0,18.0,241.0,295.0,122.41,19.67,0.6970954356846473,0.25,1.2240663900414939,19.666666666666668,208.0,0.6105769230769231,D,Sammy
David Hussey,61.0,12.0,90.0,60.0,1075.0,1322.0,122.98,26.98,0.6697674418604651,0.19672131147540983,1.2297674418604652,26.979591836734695,925.0,0.6508108108108108,D,Hussey
David Miller,67.0,21.0,107.0,80.0,1169.0,1637.0,140.03,35.59,0.776732249786142,0.31343283582089554,1.4003421727972627,35.58695652173913,982.0,0.7423625254582484,D,Miller
David Warner,114.0,15.0,401.0,160.0,2824.0,4014.0,142.14,40.55,0.9079320113314447,0.13157894736842105,1.4213881019830028,40.54545454545455,2263.0,0.6407423773751657,D,Warner
David Wiese,8.0,4.0,12.0,4.0,90.0,127.0,141.11,31.75,0.8,0.5,1.4111111111111112,31.75,74.0,0.7432432432432432,D,Wiese
Davy Jacobs,7.0,0.0,10.0,4.0,98.0,92.0,93.88,13.14,0.6530612244897959,0.0,0.9387755102040817,13.142857142857142,84.0,0.3333333333333333,D,Jacobs
Debabrata Das,22.0,8.0,23.0,16.0,261.0,304.0,116.48,21.71,0.7203065134099617,0.36363636363636365,1.1647509578544062,21.714285714285715,222.0,0.5225225225225225,D,Das
Deepak Chahar,5.0,1.0,1.0,6.0,35.0,64.0,182.86,16.0,1.1428571428571428,0.2,1.8285714285714285,16.0,28.0,0.8571428571428571,D,Chahar
Deepak Hooda,38.0,8.0,22.0,23.0,349.0,460.0,131.81,15.33,0.6475644699140402,0.21052631578947367,1.3180515759312321,15.333333333333334,304.0,0.7697368421052632,D,Hooda
Devraj Patil,2.0,0.0,1.0,0.0,13.0,13.0,100.0,6.5,0.3076923076923077,0.0,1.0,6.5,12.0,0.75,D,Patil
Dhawal Kulkarni,21.0,11.0,6.0,2.0,103.0,96.0,93.2,9.6,0.34951456310679613,0.5238095238095238,0.9320388349514563,9.6,95.0,0.631578947368421,D,Kulkarni
Dhruv Shorey,1.0,0.0,0.0,1.0,9.0,8.0,88.89,8.0,0.6666666666666666,0.0,0.8888888888888888,8.0,8.0,0.25,D,Shorey
Dillon du Preez,1.0,0.0,0.0,0.0,13.0,10.0,76.92,10.0,0.0,0.0,0.7692307692307693,10.0,13.0,0.7692307692307693,D,Preez
Dimitri Mascarenhas,11.0,2.0,5.0,1.0,78.0,79.0,101.28,8.78,0.3333333333333333,0.18181818181818182,1.0128205128205128,8.777777777777779,72.0,0.7361111111111112,D,Mascarenhas
Dinesh Karthik,150.0,23.0,335.0,87.0,2642.0,3401.0,128.73,26.78,0.7047691143073429,0.15333333333333332,1.2872823618470854,26.77952755905512,2220.0,0.6932432432432433,D,Karthik
Dinesh Salunkhe,3.0,1.0,5.0,0.0,24.0,33.0,137.5,16.5,0.8333333333333334,0.3333333333333333,1.375,16.5,19.0,0.6842105263157895,D,Salunkhe
Dirk Nannes,3.0,2.0,0.0,0.0,13.0,4.0,30.77,4.0,0.0,0.6666666666666666,0.3076923076923077,4.0,13.0,0.3076923076923077,D,Nannes
Dishant Harendra Yagnik,17.0,7.0,23.0,2.0,137.0,170.0,124.09,17.0,0.7591240875912408,0.4117647058823529,1.2408759124087592,17.0,112.0,0.5892857142857143,D,Yagnik
Doddapaneni Kalyankrishna,1.0,0.0,0.0,0.0,8.0,3.0,37.5,3.0,0.0,0.0,0.375,3.0,8.0,0.375,D,Kalyankrishna
Dominic Thornely,4.0,1.0,2.0,2.0,53.0,39.0,73.58,13.0,0.37735849056603776,0.25,0.7358490566037735,13.0,49.0,0.3877551020408163,D,Thornely
Domnic Joseph,2.0,1.0,0.0,0.0,3.0,1.0,33.33,1.0,0.0,0.5,0.3333333333333333,1.0,3.0,0.3333333333333333,D,Joseph
Doug Bollinger,4.0,3.0,1.0,1.0,23.0,21.0,91.3,21.0,0.43478260869565216,0.75,0.9130434782608695,21.0,21.0,0.5238095238095238,D,Bollinger
Dwaraka Ravi Teja,25.0,6.0,35.0,9.0,317.0,375.0,118.3,19.74,0.61198738170347,0.24,1.1829652996845426,19.736842105263158,273.0,0.663003663003663,D,Teja
Dwayne Bravo,93.0,34.0,111.0,58.0,1090.0,1403.0,128.72,23.78,0.726605504587156,0.3655913978494624,1.2871559633027523,23.779661016949152,921.0,0.6634093376764386,D,Bravo
Dwayne Smith,89.0,5.0,245.0,117.0,1764.0,2385.0,135.2,28.39,0.953514739229025,0.056179775280898875,1.3520408163265305,28.392857142857142,1402.0,0.5014265335235378,D,Smith
Eklavya Dwivedi,2.0,0.0,2.0,2.0,14.0,24.0,171.43,12.0,1.4285714285714286,0.0,1.7142857142857142,12.0,10.0,0.4,E,Dwivedi
Eoin Morgan,45.0,5.0,72.0,34.0,705.0,854.0,121.13,21.35,0.6978723404255319,0.1111111111111111,1.2113475177304964,21.35,599.0,0.6043405676126878,E,Morgan
Evin Lewis,13.0,0.0,32.0,24.0,276.0,382.0,138.41,29.38,0.9855072463768116,0.0,1.3840579710144927,29.384615384615383,220.0,0.5,E,Lewis
Faf du Plessis,52.0,4.0,127.0,44.0,1141.0,1457.0,127.7,30.35,0.6765994741454864,0.07692307692307693,1.2769500438212094,30.354166666666668,970.0,0.7061855670103093,F,Plessis
Faiz Fazal,11.0,1.0,22.0,1.0,173.0,183.0,105.78,18.3,0.5433526011560693,0.09090909090909091,1.0578034682080926,18.3,150.0,0.5933333333333334,F,Fazal
Farhaan Behardien,3.0,1.0,2.0,0.0,13.0,14.0,107.69,7.0,0.6153846153846154,0.3333333333333333,1.0769230769230769,7.0,11.0,0.5454545454545454,F,Behardien
Farveez Maharoof,14.0,4.0,12.0,9.0,123.0,177.0,143.9,17.7,0.8292682926829268,0.2857142857142857,1.4390243902439024,17.7,102.0,0.7352941176470589,F,Maharoof
Fidel Edwards,2.0,1.0,0.0,0.0,5.0,4.0,80.0,4.0,0.0,0.5,0.8,4.0,5.0,0.8,F,Edwards
Gautam Gambhir,153.0,16.0,492.0,59.0,3404.0,4218.0,123.91,30.79,0.68213866039953,0.10457516339869281,1.2391304347826086,30.78832116788321,2853.0,0.6645636172450052,G,Gambhir
George Bailey,37.0,10.0,59.0,19.0,544.0,663.0,121.88,24.56,0.6433823529411765,0.2702702702702703,1.21875,24.555555555555557,466.0,0.6716738197424893,G,Bailey
Glenn Maxwell,68.0,7.0,109.0,91.0,867.0,1397.0,161.13,22.9,1.132641291810842,0.10294117647058823,1.6113033448673586,22.901639344262296,667.0,0.6221889055472264,G,Maxwell
Glenn McGrath,3.0,2.0,1.0,0.0,5.0,4.0,80.0,4.0,0.8,0.6666666666666666,0.8,4.0,4.0,0.0,G,McGrath
Gnaneswara Rao,1.0,0.0,3.0,0.0,17.0,19.0,111.76,19.0,0.7058823529411765,0.0,1.1176470588235294,19.0,14.0,0.5,G,Rao
Graeme Smith,29.0,3.0,94.0,9.0,668.0,739.0,110.63,28.42,0.6437125748502994,0.10344827586206896,1.1062874251497006,28.423076923076923,565.0,0.5469026548672566,G,Smith
Graham Napier,1.0,0.0,1.0,0.0,16.0,15.0,93.75,15.0,0.25,0.0,0.9375,15.0,15.0,0.7333333333333333,G,Napier
Gurkeerat Singh,24.0,3.0,36.0,9.0,272.0,342.0,125.74,16.29,0.7279411764705882,0.125,1.2573529411764706,16.285714285714285,227.0,0.6343612334801763,G,Singh
Halhadar Das,1.0,0.0,0.0,0.0,5.0,2.0,40.0,2.0,0.0,0.0,0.4,2.0,5.0,0.4,H,Das
Hanuma Vihari,21.0,3.0,23.0,1.0,313.0,280.0,89.46,15.56,0.31309904153354634,0.14285714285714285,0.8945686900958466,15.555555555555555,289.0,0.629757785467128,H,Vihari
Harbhajan Singh,87.0,33.0,79.0,42.0,597.0,828.0,138.69,15.33,0.9514237855946399,0.3793103448275862,1.3869346733668342,15.333333333333334,476.0,0.5462184873949579,H,Singh
Hardik Pandya,46.0,18.0,44.0,39.0,480.0,666.0,138.75,23.79,0.8541666666666666,0.391304347826087,1.3875,23.785714285714285,397.0,0.6448362720403022,H,Pandya
Harmeet Singh,6.0,2.0,3.0,0.0,12.0,18.0,150.0,4.5,1.0,0.3333333333333333,1.5,4.5,9.0,0.6666666666666666,H,Singh
Harpreet Singh,3.0,1.0,0.0,0.0,26.0,20.0,76.92,10.0,0.0,0.3333333333333333,0.7692307692307693,10.0,26.0,0.7692307692307693,H,Singh
Harshal Patel,16.0,6.0,3.0,9.0,67.0,107.0,159.7,10.7,0.9850746268656716,0.375,1.5970149253731343,10.7,55.0,0.7454545454545455,H,Patel
Hashim Amla,16.0,3.0,60.0,21.0,407.0,577.0,141.77,44.38,0.8992628992628993,0.1875,1.4176904176904177,44.38461538461539,326.0,0.647239263803681,H,Amla
Heinrich Klaasen,4.0,1.0,5.0,1.0,47.0,57.0,121.28,19.0,0.5531914893617021,0.25,1.2127659574468086,19.0,41.0,0.7560975609756098,H,Klaasen
Herschelle Gibbs,36.0,4.0,83.0,31.0,807.0,886.0,109.79,27.69,0.6418835192069393,0.1111111111111111,1.097893432465923,27.6875,693.0,0.5310245310245311,H,Gibbs
Imran Tahir,7.0,3.0,3.0,0.0,27.0,20.0,74.07,5.0,0.4444444444444444,0.42857142857142855,0.7407407407407407,5.0,24.0,0.3333333333333333,I,Tahir
Iqbal Abdulla,13.0,11.0,9.0,1.0,84.0,88.0,104.76,44.0,0.5,0.8461538461538461,1.0476190476190477,44.0,74.0,0.6216216216216216,I,Abdulla
Irfan Pathan,82.0,29.0,87.0,37.0,946.0,1139.0,120.4,21.49,0.6025369978858351,0.35365853658536583,1.2040169133192389,21.49056603773585,822.0,0.6922141119221411,I,Pathan
Ish Sodhi,1.0,0.0,0.0,0.0,6.0,1.0,16.67,1.0,0.0,0.0,0.16666666666666666,1.0,6.0,0.16666666666666666,I,Sodhi
Ishan Kishan,27.0,0.0,56.0,30.0,431.0,594.0,137.82,22.0,0.9373549883990719,0.0,1.3781902552204177,22.0,345.0,0.5507246376811594,I,Kishan
Ishank Jaggi,7.0,2.0,6.0,0.0,97.0,76.0,78.35,15.2,0.24742268041237114,0.2857142857142857,0.7835051546391752,15.2,91.0,0.5714285714285714,I,Jaggi
Ishant Sharma,22.0,16.0,3.0,1.0,58.0,45.0,77.59,7.5,0.3103448275862069,0.7272727272727273,0.7758620689655172,7.5,54.0,0.5,I,Sharma
Jacob Oram,12.0,4.0,6.0,5.0,108.0,106.0,98.15,13.25,0.5,0.3333333333333333,0.9814814814814815,13.25,97.0,0.5360824742268041,J,Oram
Jacques Kallis,96.0,11.0,254.0,44.0,2222.0,2427.0,109.23,28.55,0.5760576057605761,0.11458333333333333,1.0922592259225923,28.55294117647059,1924.0,0.5961538461538461,J,Kallis
Jagadeesh Arunkumar,3.0,0.0,5.0,0.0,23.0,23.0,100.0,7.67,0.8695652173913043,0.0,1.0,7.666666666666667,18.0,0.16666666666666666,J,Arunkumar
Jagadeesha Suchith,6.0,5.0,4.0,2.0,32.0,48.0,150.0,48.0,0.875,0.8333333333333334,1.5,48.0,26.0,0.7692307692307693,J,Suchith
Jamaluddin Syed Mohammad,5.0,3.0,4.0,0.0,26.0,29.0,111.54,14.5,0.6153846153846154,0.6,1.1153846153846154,14.5,22.0,0.5909090909090909,J,Mohammad
James Faulkner,45.0,20.0,36.0,23.0,389.0,527.0,135.48,21.08,0.7249357326478149,0.4444444444444444,1.3547557840616966,21.08,330.0,0.7424242424242424,J,Faulkner
James Franklin,16.0,5.0,25.0,8.0,301.0,327.0,108.64,29.73,0.49169435215946844,0.3125,1.0863787375415281,29.727272727272727,268.0,0.667910447761194,J,Franklin
James Hopes,19.0,3.0,49.0,11.0,306.0,417.0,136.27,26.06,0.8562091503267973,0.15789473684210525,1.3627450980392157,26.0625,246.0,0.6300813008130082,J,Hopes
Jaskaran Singh,5.0,4.0,0.0,0.0,11.0,8.0,72.73,8.0,0.0,0.8,0.7272727272727273,8.0,11.0,0.7272727272727273,J,Singh
Jason Holder,5.0,0.0,4.0,2.0,31.0,38.0,122.58,7.6,0.9032258064516129,0.0,1.2258064516129032,7.6,25.0,0.4,J,Holder
Jason Roy,8.0,2.0,18.0,8.0,134.0,179.0,133.58,29.83,0.8955223880597015,0.25,1.335820895522388,29.833333333333332,108.0,0.5462962962962963,J,Roy
Jasprit Bumrah,10.0,7.0,2.0,1.0,37.0,35.0,94.59,11.67,0.3783783783783784,0.7,0.9459459459459459,11.666666666666666,34.0,0.6176470588235294,J,Bumrah
Javon Searles,2.0,1.0,0.0,1.0,6.0,8.0,133.33,8.0,1.0,0.5,1.3333333333333333,8.0,5.0,0.4,J,Searles
Jayant Yadav,2.0,0.0,0.0,0.0,10.0,6.0,60.0,3.0,0.0,0.0,0.6,3.0,10.0,0.6,J,Yadav
Jaydev Unadkat,13.0,8.0,6.0,1.0,51.0,54.0,105.88,10.8,0.5882352941176471,0.6153846153846154,1.0588235294117647,10.8,44.0,0.5454545454545454,J,Unadkat
Jean-Paul Duminy,77.0,26.0,126.0,79.0,1636.0,2029.0,124.02,39.78,0.597799511002445,0.33766233766233766,1.2402200488997555,39.78431372549019,1431.0,0.7344514325646401,J,Duminy
Jeevan Mendis,3.0,0.0,0.0,0.0,27.0,23.0,85.19,7.67,0.0,0.0,0.8518518518518519,7.666666666666667,27.0,0.8518518518518519,J,Mendis
Jerome Taylor,2.0,1.0,0.0,0.0,3.0,3.0,100.0,3.0,0.0,0.5,1.0,3.0,3.0,1.0,J,Taylor
Jesse Ryder,29.0,1.0,69.0,19.0,458.0,604.0,131.88,21.57,0.851528384279476,0.034482758620689655,1.3187772925764192,21.571428571428573,370.0,0.5783783783783784,J,Ryder
Jimmy Neesham,3.0,0.0,3.0,1.0,46.0,42.0,91.3,14.0,0.391304347826087,0.0,0.9130434782608695,14.0,42.0,0.5714285714285714,J,Neesham
Jofra Archer,8.0,3.0,2.0,0.0,21.0,15.0,71.43,3.0,0.38095238095238093,0.375,0.7142857142857143,3.0,19.0,0.3684210526315789,J,Archer
Joginder Sharma,6.0,2.0,1.0,2.0,30.0,36.0,120.0,9.0,0.5333333333333333,0.3333333333333333,1.2,9.0,27.0,0.7407407407407407,J,Sharma
Johan Botha,28.0,8.0,39.0,5.0,359.0,409.0,113.93,20.45,0.5181058495821727,0.2857142857142857,1.139275766016713,20.45,315.0,0.707936507936508,J,Botha
Johan van der Wath,3.0,1.0,1.0,1.0,16.0,18.0,112.5,9.0,0.625,0.3333333333333333,1.125,9.0,14.0,0.5714285714285714,J,Wath
Jos Buttler,37.0,6.0,102.0,47.0,714.0,1075.0,150.56,34.68,0.9663865546218487,0.16216216216216217,1.5056022408963585,34.67741935483871,565.0,0.6814159292035398,J,Buttler
Justin Kemp,2.0,0.0,1.0,1.0,24.0,26.0,108.33,13.0,0.4166666666666667,0.0,1.0833333333333333,13.0,22.0,0.7272727272727273,J,Kemp
KC Cariappa,4.0,1.0,0.0,1.0,18.0,15.0,83.33,5.0,0.3333333333333333,0.25,0.8333333333333334,5.0,17.0,0.5294117647058824,K,Cariappa
KP Appanna,3.0,2.0,0.0,0.0,4.0,2.0,50.0,2.0,0.0,0.6666666666666666,0.5,2.0,4.0,0.5,K,Appanna
Kagiso Rabada,3.0,0.0,5.0,1.0,64.0,55.0,85.94,18.33,0.40625,0.0,0.859375,18.333333333333332,58.0,0.5,K,Rabada
Kamran Akmal,6.0,1.0,13.0,8.0,78.0,128.0,164.1,25.6,1.2820512820512822,0.16666666666666666,1.641025641025641,25.6,57.0,0.49122807017543857,K,Akmal
Kamran Khan,3.0,1.0,0.0,0.0,5.0,3.0,60.0,1.5,0.0,0.3333333333333333,0.6,1.5,5.0,0.6,K,Khan
Kane Richardson,4.0,1.0,2.0,1.0,39.0,36.0,92.31,12.0,0.358974358974359,0.25,0.9230769230769231,12.0,36.0,0.6111111111111112,K,Richardson
Kane Williamson,32.0,5.0,98.0,39.0,834.0,1146.0,137.41,42.44,0.750599520383693,0.15625,1.3741007194244603,42.44444444444444,697.0,0.7460545193687231,K,Williamson
Karan Goel,17.0,2.0,17.0,9.0,231.0,218.0,94.37,14.53,0.5281385281385281,0.11764705882352941,0.9437229437229437,14.533333333333333,205.0,0.4682926829268293,K,Goel
Karanveer Singh,4.0,3.0,1.0,0.0,17.0,12.0,70.59,12.0,0.23529411764705882,0.75,0.7058823529411765,12.0,16.0,0.5,K,Singh
Karn Sharma,35.0,14.0,18.0,14.0,274.0,317.0,115.69,15.1,0.5693430656934306,0.4,1.1569343065693432,15.095238095238095,242.0,0.6652892561983471,K,Sharma
Karun Nair,62.0,4.0,158.0,39.0,1133.0,1459.0,128.77,25.16,0.764342453662842,0.06451612903225806,1.2877316857899381,25.155172413793103,936.0,0.6335470085470085,K,Nair
Kedar Jadhav,58.0,20.0,73.0,35.0,684.0,917.0,134.06,24.13,0.7339181286549707,0.3448275862068966,1.340643274853801,24.13157894736842,576.0,0.7204861111111112,K,Jadhav
Kemar Roach,1.0,0.0,1.0,0.0,9.0,10.0,111.11,10.0,0.4444444444444444,0.0,1.1111111111111112,10.0,8.0,0.75,K,Roach
Kevin Pietersen,36.0,8.0,91.0,40.0,743.0,1001.0,134.72,35.75,0.8129205921938089,0.2222222222222222,1.3472409152086138,35.75,612.0,0.6486928104575164,K,Pietersen
Kevon Cooper,14.0,5.0,9.0,8.0,68.0,116.0,170.59,12.89,1.2352941176470589,0.35714285714285715,1.7058823529411764,12.88888888888889,51.0,0.6274509803921569,K,Cooper
Kieron Pollard,121.0,33.0,167.0,154.0,1699.0,2476.0,145.73,28.14,0.937021777516186,0.2727272727272727,1.457327839905827,28.136363636363637,1378.0,0.6415094339622641,K,Pollard
Krishnappa Gowtham,13.0,4.0,9.0,9.0,64.0,126.0,196.88,14.0,1.40625,0.3076923076923077,1.96875,14.0,46.0,0.782608695652174,K,Gowtham
Krunal Pandya,33.0,10.0,68.0,30.0,460.0,708.0,153.91,30.78,0.9826086956521739,0.30303030303030304,1.5391304347826087,30.782608695652176,362.0,0.7071823204419889,K,Pandya
Kuldeep Yadav,5.0,2.0,3.0,0.0,46.0,32.0,69.57,10.67,0.2608695652173913,0.4,0.6956521739130435,10.666666666666666,43.0,0.46511627906976744,K,Yadav
Kumar Sangakkara,68.0,3.0,195.0,27.0,1392.0,1687.0,121.19,25.95,0.6767241379310345,0.04411764705882353,1.2119252873563218,25.953846153846154,1170.0,0.6367521367521367,K,Sangakkara
Kushal Janith Perera,2.0,0.0,3.0,0.0,13.0,14.0,107.69,7.0,0.9230769230769231,0.0,1.0769230769230769,7.0,10.0,0.2,K,Perera
Kyle Abbott,3.0,2.0,0.0,1.0,8.0,13.0,162.5,13.0,0.75,0.6666666666666666,1.625,13.0,7.0,1.0,K,Abbott
Lakshmipathy Balaji,15.0,7.0,2.0,1.0,49.0,36.0,73.47,4.5,0.2857142857142857,0.4666666666666667,0.7346938775510204,4.5,46.0,0.4782608695652174,L,Balaji
Lasith Malinga,25.0,9.0,6.0,5.0,99.0,88.0,88.89,5.5,0.5454545454545454,0.36,0.8888888888888888,5.5,88.0,0.38636363636363635,L,Malinga
Laxmi Shukla,34.0,7.0,33.0,15.0,350.0,405.0,115.71,15.0,0.6342857142857142,0.20588235294117646,1.1571428571428573,15.0,302.0,0.6059602649006622,L,Shukla
Lee Carseldine,5.0,1.0,11.0,0.0,68.0,81.0,119.12,20.25,0.6470588235294118,0.2,1.1911764705882353,20.25,57.0,0.6491228070175439,L,Carseldine
Lendl Simmons,29.0,2.0,109.0,44.0,852.0,1079.0,126.64,39.96,0.8215962441314554,0.06896551724137931,1.266431924882629,39.96296296296296,699.0,0.542203147353362,L,Simmons
Liam Plunkett,2.0,1.0,0.0,0.0,3.0,1.0,33.33,1.0,0.0,0.5,0.3333333333333333,1.0,3.0,0.3333333333333333,L,Plunkett
Lokesh Rahul,44.0,8.0,127.0,56.0,993.0,1384.0,139.38,38.44,0.8499496475327291,0.18181818181818182,1.393756294058409,38.44444444444444,810.0,0.6666666666666666,L,Rahul
Luke Pomersbach,16.0,5.0,25.0,13.0,246.0,302.0,122.76,27.45,0.7235772357723578,0.3125,1.2276422764227641,27.454545454545453,208.0,0.5961538461538461,L,Pomersbach
Luke Ronchi,5.0,0.0,6.0,1.0,34.0,34.0,100.0,6.8,0.8823529411764706,0.0,1.0,6.8,27.0,0.14814814814814814,L,Ronchi
Luke Wright,6.0,1.0,16.0,3.0,60.0,106.0,176.67,21.2,1.3666666666666667,0.16666666666666666,1.7666666666666666,21.2,41.0,0.5853658536585366,L,Wright
MS Dhoni,158.0,58.0,275.0,186.0,2906.0,4016.0,138.2,40.16,0.7625602202339986,0.3670886075949367,1.381968341362698,40.16,2445.0,0.7361963190184049,M,Dhoni
Mahela Jayawardene,78.0,15.0,200.0,39.0,1462.0,1802.0,123.26,28.6,0.707250341997264,0.19230769230769232,1.2325581395348837,28.603174603174605,1223.0,0.6279640228945217,M,Jayawardene
Mahesh Rawat,12.0,7.0,4.0,1.0,69.0,55.0,79.71,11.0,0.3188405797101449,0.5833333333333334,0.7971014492753623,11.0,64.0,0.515625,M,Rawat
Mahipal Lomror,2.0,1.0,1.0,0.0,21.0,20.0,95.24,20.0,0.19047619047619047,0.5,0.9523809523809523,20.0,20.0,0.8,M,Lomror
Makhaya Ntini,2.0,1.0,2.0,0.0,18.0,11.0,61.11,11.0,0.4444444444444444,0.5,0.6111111111111112,11.0,16.0,0.1875,M,Ntini
Manan Vohra,45.0,2.0,97.0,39.0,768.0,1012.0,131.77,23.53,0.8098958333333334,0.044444444444444446,1.3177083333333333,23.53488372093023,632.0,0.6170886075949367,M,Vohra
Mandeep Singh,72.0,7.0,150.0,29.0,1106.0,1364.0,123.33,20.98,0.6998191681735986,0.09722222222222222,1.2332730560578662,20.984615384615385,927.0,0.6364617044228694,M,Singh
Manish Pandey,109.0,20.0,219.0,69.0,2090.0,2499.0,119.57,28.08,0.6172248803827751,0.1834862385321101,1.1956937799043061,28.078651685393258,1802.0,0.6709211986681465,M,Pandey
Manoj Tiwary,85.0,26.0,156.0,40.0,1449.0,1695.0,116.98,28.73,0.5962732919254659,0.3058823529411765,1.1697722567287785,28.728813559322035,1253.0,0.6632083000798085,M,Tiwary
Manpreet Gony,17.0,7.0,6.0,8.0,71.0,99.0,139.44,9.9,1.0140845070422535,0.4117647058823529,1.3943661971830985,9.9,57.0,0.47368421052631576,M,Gony
Manprit Juneja,7.0,0.0,11.0,1.0,128.0,125.0,97.66,17.86,0.390625,0.0,0.9765625,17.857142857142858,116.0,0.646551724137931,M,Juneja
Manvinder Bisla,39.0,1.0,93.0,23.0,702.0,798.0,113.68,21.0,0.7264957264957265,0.02564102564102564,1.1367521367521367,21.0,586.0,0.49146757679180886,M,Bisla
Marchant de Lange,1.0,0.0,0.0,0.0,2.0,1.0,50.0,1.0,0.0,0.0,0.5,1.0,2.0,0.5,M,Lange
Marcus Stoinis,15.0,4.0,20.0,8.0,208.0,262.0,125.96,23.82,0.6153846153846154,0.26666666666666666,1.2596153846153846,23.818181818181817,180.0,0.7444444444444445,M,Stoinis
Mark Boucher,24.0,10.0,32.0,13.0,309.0,394.0,127.51,28.14,0.6666666666666666,0.4166666666666667,1.2750809061488673,28.142857142857142,264.0,0.7121212121212122,M,Boucher
Mark Wood,1.0,0.0,0.0,0.0,3.0,1.0,33.33,1.0,0.0,0.0,0.3333333333333333,1.0,3.0,0.3333333333333333,M,Wood
Marlon Samuels,14.0,1.0,9.0,7.0,172.0,161.0,93.6,12.38,0.45348837209302323,0.07142857142857142,0.936046511627907,12.384615384615385,156.0,0.532051282051282,M,Samuels
Martin Guptill,10.0,1.0,20.0,8.0,143.0,189.0,132.17,21.0,0.8951048951048951,0.1,1.3216783216783217,21.0,115.0,0.5304347826086957,M,Guptill
Matthew Hayden,32.0,2.0,121.0,44.0,805.0,1107.0,137.52,36.9,0.929192546583851,0.0625,1.3751552795031057,36.9,640.0,0.5609375,M,Hayden
Matthew Wade,3.0,0.0,0.0,0.0,33.0,22.0,66.67,7.33,0.0,0.0,0.6666666666666666,7.333333333333333,33.0,0.6666666666666666,M,Wade
Mayank Agarwal,59.0,3.0,91.0,38.0,754.0,934.0,123.87,16.68,0.7851458885941645,0.05084745762711865,1.2387267904509285,16.678571428571427,625.0,0.5472,M,Agarwal
Mayank Markande,6.0,4.0,2.0,0.0,24.0,21.0,87.5,10.5,0.3333333333333333,0.6666666666666666,0.875,10.5,22.0,0.5909090909090909,M,Markande
Michael Clarke,6.0,0.0,12.0,0.0,94.0,98.0,104.26,16.33,0.5106382978723404,0.0,1.0425531914893618,16.333333333333332,82.0,0.6097560975609756,M,Clarke
Michael Hussey,58.0,7.0,198.0,52.0,1612.0,1977.0,122.64,38.76,0.684863523573201,0.1206896551724138,1.2264267990074442,38.76470588235294,1362.0,0.6409691629955947,M,Hussey
Michael Klinger,4.0,0.0,9.0,0.0,77.0,73.0,94.81,18.25,0.4675324675324675,0.0,0.948051948051948,18.25,68.0,0.5441176470588235,M,Klinger
Michael Lumb,12.0,0.0,45.0,6.0,194.0,278.0,143.3,23.17,1.1134020618556701,0.0,1.4329896907216495,23.166666666666668,143.0,0.43356643356643354,M,Lumb
Misbah-ul-Haq,8.0,1.0,10.0,6.0,81.0,117.0,144.44,16.71,0.9382716049382716,0.125,1.4444444444444444,16.714285714285715,65.0,0.6307692307692307,M,Misbah
Mitchell Johnson,30.0,17.0,10.0,7.0,164.0,167.0,101.83,12.85,0.5,0.5666666666666667,1.0182926829268293,12.846153846153847,147.0,0.5782312925170068,M,Johnson
Mitchell Marsh,14.0,2.0,9.0,14.0,196.0,226.0,115.31,18.83,0.6122448979591837,0.14285714285714285,1.153061224489796,18.833333333333332,173.0,0.6127167630057804,M,Marsh
Mitchell McClenaghan,20.0,10.0,3.0,7.0,54.0,74.0,137.04,7.4,1.0,0.5,1.3703703703703705,7.4,44.0,0.45454545454545453,M,McClenaghan
Mitchell Starc,12.0,5.0,10.0,0.0,98.0,96.0,97.96,13.71,0.40816326530612246,0.4166666666666667,0.9795918367346939,13.714285714285714,88.0,0.6363636363636364,M,Starc
Mithun Manhas,38.0,15.0,43.0,10.0,470.0,514.0,109.36,22.35,0.49361702127659574,0.39473684210526316,1.0936170212765957,22.347826086956523,417.0,0.6762589928057554,M,Manhas
Moeen Ali,4.0,0.0,4.0,6.0,46.0,77.0,167.39,19.25,1.1304347826086956,0.0,1.673913043478261,19.25,36.0,0.6944444444444444,M,Ali
Mohammad Ashraful,1.0,0.0,0.0,0.0,10.0,2.0,20.0,2.0,0.0,0.0,0.2,2.0,10.0,0.2,M,Ashraful
Mohammad Asif,2.0,0.0,0.0,0.0,6.0,3.0,50.0,1.5,0.0,0.0,0.5,1.5,6.0,0.5,M,Asif
Mohammad Hafeez,8.0,1.0,7.0,2.0,83.0,64.0,77.11,9.14,0.4819277108433735,0.125,0.7710843373493976,9.142857142857142,74.0,0.32432432432432434,M,Hafeez
Mohammad Kaif,22.0,4.0,22.0,6.0,250.0,259.0,103.6,14.39,0.496,0.18181818181818182,1.036,14.38888888888889,222.0,0.6081081081081081,M,Kaif
Mohammad Nabi,3.0,0.0,3.0,0.0,15.0,20.0,133.33,6.67,0.8,0.0,1.3333333333333333,6.666666666666667,12.0,0.6666666666666666,M,Nabi
Mohammad Shami,14.0,6.0,5.0,2.0,51.0,53.0,103.92,6.63,0.6274509803921569,0.42857142857142855,1.0392156862745099,6.625,44.0,0.4772727272727273,M,Shami
Mohammed Siraj,4.0,2.0,2.0,1.0,22.0,25.0,113.64,12.5,0.6363636363636364,0.5,1.1363636363636365,12.5,19.0,0.5789473684210527,M,Siraj
Mohit Sharma,26.0,11.0,8.0,4.0,115.0,122.0,106.09,8.13,0.48695652173913045,0.4230769230769231,1.0608695652173914,8.133333333333333,103.0,0.6407766990291263,M,Sharma
Mohnish Mishra,17.0,1.0,24.0,8.0,208.0,237.0,113.94,14.81,0.6923076923076923,0.058823529411764705,1.1394230769230769,14.8125,176.0,0.5284090909090909,M,Mishra
Moises Henriques,50.0,16.0,87.0,27.0,756.0,969.0,128.17,28.5,0.6746031746031746,0.32,1.2817460317460319,28.5,642.0,0.7149532710280374,M,Henriques
Morne Morkel,23.0,12.0,11.0,5.0,90.0,126.0,140.0,11.45,0.8222222222222222,0.5217391304347826,1.4,11.454545454545455,74.0,0.7027027027027027,M,Morkel
Morne van Wyk,5.0,2.0,19.0,1.0,132.0,167.0,126.52,55.67,0.6212121212121212,0.4,1.2651515151515151,55.666666666666664,112.0,0.7589285714285714,M,Wyk
Mujeeb Zadran,2.0,1.0,2.0,0.0,7.0,10.0,142.86,10.0,1.1428571428571428,0.5,1.4285714285714286,10.0,5.0,0.4,M,Zadran
Munaf Patel,15.0,9.0,5.0,0.0,41.0,39.0,95.12,6.5,0.4878048780487805,0.6,0.9512195121951219,6.5,36.0,0.5277777777777778,M,Patel
Murali Kartik,16.0,9.0,7.0,1.0,108.0,113.0,104.63,16.14,0.3148148148148148,0.5625,1.0462962962962963,16.142857142857142,100.0,0.79,M,Kartik
Murali Vijay,101.0,5.0,237.0,90.0,2045.0,2523.0,123.37,26.28,0.7276283618581907,0.04950495049504951,1.2337408312958436,26.28125,1718.0,0.6024447031431898,M,Vijay
Murugan Ashwin,2.0,0.0,0.0,0.0,3.0,1.0,33.33,0.5,0.0,0.0,0.3333333333333333,0.5,3.0,0.3333333333333333,M,Ashwin
Musavir Khote,3.0,1.0,2.0,1.0,22.0,24.0,109.09,12.0,0.6363636363636364,0.3333333333333333,1.0909090909090908,12.0,19.0,0.5263157894736842,M,Khote
Mustafizur Rahman,2.0,1.0,0.0,0.0,3.0,1.0,33.33,1.0,0.0,0.5,0.3333333333333333,1.0,3.0,0.3333333333333333,M,Rahman
Muttiah Muralitharan,9.0,3.0,1.0,0.0,30.0,20.0,66.67,3.33,0.13333333333333333,0.3333333333333333,0.6666666666666666,3.3333333333333335,29.0,0.5517241379310345,M,Muralitharan
Naman Ojha,94.0,19.0,121.0,79.0,1313.0,1554.0,118.35,20.72,0.7296268088347296,0.20212765957446807,1.1835491241431835,20.72,1113.0,0.5354896675651393,N,Ojha
Nathan Coulter-Nile,12.0,4.0,3.0,4.0,50.0,52.0,104.0,6.5,0.72,0.3333333333333333,1.04,6.5,43.0,0.37209302325581395,N,Coulter-Nile
Nathan McCullum,2.0,1.0,0.0,1.0,22.0,26.0,118.18,26.0,0.2727272727272727,0.5,1.1818181818181819,26.0,21.0,0.9523809523809523,N,McCullum
Nic Maddinson,3.0,0.0,4.0,0.0,21.0,20.0,95.24,6.67,0.7619047619047619,0.0,0.9523809523809523,6.666666666666667,17.0,0.23529411764705882,N,Maddinson
Nikhil Naik,2.0,0.0,1.0,0.0,31.0,23.0,74.19,11.5,0.12903225806451613,0.0,0.7419354838709677,11.5,30.0,0.6333333333333333,N,Naik
Niraj Patel,6.0,2.0,14.0,1.0,119.0,121.0,101.68,30.25,0.5210084033613446,0.3333333333333333,1.0168067226890756,30.25,104.0,0.5673076923076923,N,Patel
Nitin Saini,10.0,0.0,16.0,0.0,141.0,140.0,99.29,14.0,0.45390070921985815,0.0,0.9929078014184397,14.0,125.0,0.608,N,Saini
Nitish Rana,30.0,3.0,57.0,39.0,571.0,741.0,129.77,27.44,0.809106830122592,0.1,1.297723292469352,27.444444444444443,475.0,0.5873684210526315,N,Rana
Nuwan Zoysa,2.0,1.0,1.0,0.0,9.0,11.0,122.22,11.0,0.4444444444444444,0.5,1.2222222222222223,11.0,8.0,0.875,N,Zoysa
Owais Shah,22.0,7.0,34.0,23.0,389.0,506.0,130.08,33.73,0.7043701799485861,0.3181818181818182,1.300771208226221,33.733333333333334,332.0,0.6987951807228916,O,Shah
PP Shaw,9.0,0.0,27.0,10.0,160.0,245.0,153.13,27.22,1.05,0.0,1.53125,27.22222222222222,123.0,0.6260162601626016,P,Shaw
Pankaj Singh,5.0,3.0,0.0,0.0,12.0,7.0,58.33,3.5,0.0,0.6,0.5833333333333334,3.5,12.0,0.5833333333333334,P,Singh
Paras Dogra,12.0,1.0,4.0,5.0,138.0,127.0,92.03,11.55,0.3333333333333333,0.08333333333333333,0.9202898550724637,11.545454545454545,129.0,0.627906976744186,P,Dogra
Pardeep Sahu,2.0,1.0,1.0,1.0,13.0,19.0,146.15,19.0,0.7692307692307693,0.5,1.4615384615384615,19.0,11.0,0.8181818181818182,P,Sahu
Parthiv Patel,123.0,11.0,317.0,39.0,2090.0,2475.0,118.42,22.1,0.7186602870813397,0.08943089430894309,1.1842105263157894,22.098214285714285,1734.0,0.5611303344867359,P,Patel
Parvez Rasool,5.0,3.0,1.0,0.0,20.0,17.0,85.0,8.5,0.2,0.6,0.85,8.5,19.0,0.6842105263157895,P,Rasool
Parvinder Awana,7.0,5.0,0.0,0.0,14.0,5.0,35.71,2.5,0.0,0.7142857142857143,0.35714285714285715,2.5,14.0,0.35714285714285715,P,Awana
Patrick Cummins,10.0,4.0,5.0,4.0,55.0,77.0,140.0,12.83,0.8,0.4,1.4,12.833333333333334,46.0,0.717391304347826,P,Cummins
Paul Collingwood,7.0,2.0,9.0,13.0,156.0,203.0,130.13,40.6,0.7307692307692307,0.2857142857142857,1.3012820512820513,40.6,134.0,0.664179104477612,P,Collingwood
Paul Valthaty,23.0,1.0,60.0,20.0,418.0,505.0,120.81,22.95,0.861244019138756,0.043478260869565216,1.208133971291866,22.954545454545453,338.0,0.4289940828402367,P,Valthaty
Pawan Negi,31.0,9.0,26.0,16.0,277.0,356.0,128.52,16.18,0.7220216606498195,0.2903225806451613,1.2851985559566788,16.181818181818183,235.0,0.6638297872340425,P,Negi
Peter Handscomb,1.0,0.0,0.0,0.0,12.0,6.0,50.0,6.0,0.0,0.0,0.5,6.0,12.0,0.5,P,Handscomb
Pinal Shah,10.0,2.0,9.0,2.0,91.0,92.0,101.1,11.5,0.5274725274725275,0.2,1.010989010989011,11.5,80.0,0.55,P,Shah
Piyush Chawla,76.0,30.0,50.0,16.0,487.0,542.0,111.29,11.78,0.6078028747433265,0.39473684210526316,1.1129363449691991,11.782608695652174,421.0,0.5843230403800475,P,Chawla
Pradeep Sangwan,14.0,7.0,1.0,0.0,39.0,24.0,61.54,3.43,0.10256410256410256,0.5,0.6153846153846154,3.4285714285714284,38.0,0.5263157894736842,P,Sangwan
Pragyan Ojha,23.0,11.0,0.0,0.0,45.0,16.0,35.56,1.33,0.0,0.4782608695652174,0.35555555555555557,1.3333333333333333,45.0,0.35555555555555557,P,Ojha
Prashant Chopra,1.0,0.0,2.0,0.0,6.0,8.0,133.33,8.0,1.3333333333333333,0.0,1.3333333333333333,8.0,4.0,0.0,P,Chopra
Praveen Kumar,59.0,21.0,22.0,17.0,314.0,340.0,108.28,8.95,0.6050955414012739,0.3559322033898305,1.0828025477707006,8.947368421052632,275.0,0.5454545454545454,P,Kumar
Pravin Tambe,6.0,4.0,1.0,0.0,39.0,18.0,46.15,9.0,0.10256410256410256,0.6666666666666666,0.46153846153846156,9.0,38.0,0.3684210526315789,P,Tambe
Quinton de Kock,34.0,1.0,110.0,29.0,711.0,927.0,130.38,28.09,0.8635724331926864,0.029411764705882353,1.3037974683544304,28.09090909090909,572.0,0.5472027972027972,Q,Kock
RP Singh,30.0,15.0,2.0,1.0,76.0,52.0,68.42,3.47,0.18421052631578946,0.5,0.6842105263157895,3.466666666666667,73.0,0.5205479452054794,R,Singh
Rahul Dravid,82.0,5.0,268.0,28.0,1882.0,2174.0,115.52,28.23,0.6588735387885228,0.06097560975609756,1.155154091392136,28.233766233766232,1586.0,0.5889029003783102,R,Dravid
Rahul Sharma,20.0,6.0,5.0,3.0,75.0,66.0,88.0,4.71,0.5066666666666667,0.3,0.88,4.714285714285714,67.0,0.417910447761194,R,Sharma
Rahul Shukla,4.0,3.0,2.0,0.0,23.0,19.0,82.61,19.0,0.34782608695652173,0.75,0.8260869565217391,19.0,21.0,0.5238095238095238,R,Shukla
Rahul Tewatia,8.0,3.0,9.0,2.0,67.0,85.0,126.87,17.0,0.7164179104477612,0.375,1.2686567164179106,17.0,56.0,0.6607142857142857,R,Tewatia
Rahul Tripathi,26.0,3.0,61.0,25.0,434.0,617.0,142.17,26.83,0.9078341013824884,0.11538461538461539,1.4216589861751152,26.82608695652174,348.0,0.6408045977011494,R,Tripathi
Raiphi Gomez,9.0,4.0,5.0,1.0,51.0,50.0,98.04,10.0,0.5098039215686274,0.4444444444444444,0.9803921568627451,10.0,45.0,0.5333333333333333,R,Gomez
Rajagopal Sathish,25.0,8.0,22.0,6.0,231.0,270.0,116.88,15.88,0.5367965367965368,0.32,1.1688311688311688,15.882352941176471,203.0,0.7192118226600985,R,Sathish
Rajat Bhatia,49.0,19.0,24.0,13.0,284.0,342.0,120.42,11.4,0.6126760563380281,0.3877551020408163,1.204225352112676,11.4,247.0,0.680161943319838,R,Bhatia
Rajesh Bishnoi,3.0,0.0,1.0,2.0,17.0,19.0,111.76,6.33,0.9411764705882353,0.0,1.1176470588235294,6.333333333333333,14.0,0.21428571428571427,R,Bishnoi
Ramesh Powar,10.0,7.0,6.0,1.0,64.0,67.0,104.69,22.33,0.46875,0.7,1.046875,22.333333333333332,57.0,0.6491228070175439,R,Powar
Ramnaresh Sarwan,4.0,0.0,6.0,1.0,75.0,73.0,97.33,18.25,0.4,0.0,0.9733333333333334,18.25,68.0,0.6323529411764706,R,Sarwan
Rashid Khan,10.0,3.0,3.0,7.0,40.0,70.0,175.0,10.0,1.35,0.3,1.75,10.0,30.0,0.5333333333333333,R,Khan
Ravi Bopara,22.0,4.0,39.0,16.0,453.0,531.0,117.22,29.5,0.5562913907284768,0.18181818181818182,1.1721854304635762,29.5,398.0,0.7010050251256281,R,Bopara
Ravi Rampaul,7.0,2.0,3.0,2.0,50.0,51.0,102.0,10.2,0.48,0.2857142857142857,1.02,10.2,45.0,0.6,R,Rampaul
Ravichandran Ashwin,46.0,16.0,29.0,7.0,311.0,333.0,107.07,11.1,0.5080385852090032,0.34782608695652173,1.0707395498392283,11.1,275.0,0.6363636363636364,R,Ashwin
Ravindra Jadeja,119.0,42.0,128.0,61.0,1483.0,1821.0,122.79,23.65,0.5920431557653405,0.35294117647058826,1.2279163857046527,23.649350649350648,1294.0,0.7287480680061824,R,Jadeja
Richard Levi,6.0,0.0,10.0,4.0,73.0,83.0,113.7,13.83,0.8767123287671232,0.0,1.1369863013698631,13.833333333333334,59.0,0.3220338983050847,R,Levi
Ricky Ponting,9.0,0.0,5.0,2.0,128.0,91.0,71.09,10.11,0.25,0.0,0.7109375,10.11111111111111,121.0,0.48760330578512395,R,Ponting
Rilee Rossouw,5.0,0.0,3.0,3.0,51.0,53.0,103.92,10.6,0.5882352941176471,0.0,1.0392156862745099,10.6,45.0,0.5111111111111111,R,Rossouw
Rinku Singh,4.0,0.0,4.0,0.0,31.0,29.0,93.55,7.25,0.5161290322580645,0.0,0.9354838709677419,7.25,27.0,0.48148148148148145,R,Singh
Rishabh Pant,38.0,3.0,115.0,67.0,767.0,1248.0,162.71,35.66,1.1238591916558018,0.07894736842105263,1.6271186440677967,35.65714285714286,585.0,0.6598290598290598,R,Pant
Rishi Dhawan,17.0,10.0,13.0,4.0,135.0,153.0,113.33,21.86,0.562962962962963,0.5882352941176471,1.1333333333333333,21.857142857142858,118.0,0.652542372881356,R,Dhawan
Robert Quiney,7.0,0.0,12.0,3.0,102.0,103.0,100.98,14.71,0.6470588235294118,0.0,1.0098039215686274,14.714285714285714,87.0,0.42528735632183906,R,Quiney
Robin Peterson,5.0,2.0,3.0,1.0,30.0,32.0,106.67,10.67,0.6,0.4,1.0666666666666667,10.666666666666666,26.0,0.5384615384615384,R,Peterson
Robin Uthappa,159.0,15.0,407.0,146.0,3135.0,4129.0,131.71,28.67,0.7987240829346093,0.09433962264150944,1.3170653907496013,28.67361111111111,2582.0,0.6293570875290473,R,Uthappa
Roelof van der Merwe,15.0,4.0,11.0,8.0,141.0,159.0,112.77,14.45,0.6524822695035462,0.26666666666666666,1.127659574468085,14.454545454545455,122.0,0.5491803278688525,R,Merwe
Rohan Gavaskar,1.0,0.0,0.0,0.0,8.0,2.0,25.0,2.0,0.0,0.0,0.25,2.0,8.0,0.25,R,Gavaskar
Rohan Raje,5.0,4.0,1.0,1.0,18.0,20.0,111.11,20.0,0.5555555555555556,0.8,1.1111111111111112,20.0,16.0,0.625,R,Raje
Rohit Sharma,168.0,27.0,379.0,184.0,3429.0,4493.0,131.03,31.87,0.7640711577719451,0.16071428571428573,1.3102945465150189,31.865248226950353,2866.0,0.6535240753663643,R,Sharma
Ross Taylor,54.0,14.0,66.0,46.0,822.0,1017.0,123.72,25.43,0.656934306569343,0.25925925925925924,1.2372262773722629,25.425,710.0,0.671830985915493,R,Taylor
Rusty Theron,4.0,2.0,1.0,0.0,12.0,10.0,83.33,5.0,0.3333333333333333,0.5,0.8333333333333334,5.0,11.0,0.5454545454545454,R,Theron
Ryan Harris,21.0,9.0,6.0,3.0,112.0,117.0,104.46,9.75,0.375,0.42857142857142855,1.0446428571428572,9.75,103.0,0.7281553398058253,R,Harris
Ryan McLaren,13.0,5.0,14.0,1.0,171.0,159.0,92.98,19.88,0.36257309941520466,0.38461538461538464,0.9298245614035088,19.875,156.0,0.6217948717948718,R,McLaren
Ryan Ninan,1.0,0.0,0.0,0.0,6.0,3.0,50.0,3.0,0.0,0.0,0.5,3.0,6.0,0.5,R,Ninan
Ryan ten Doeschate,22.0,8.0,26.0,15.0,235.0,326.0,138.72,23.29,0.825531914893617,0.36363636363636365,1.3872340425531915,23.285714285714285,194.0,0.6804123711340206,R,Doeschate
Sachin Baby,10.0,2.0,11.0,5.0,101.0,137.0,135.64,17.13,0.7326732673267327,0.2,1.3564356435643565,17.125,85.0,0.7411764705882353,S,Baby
Sachin Rana,8.0,4.0,9.0,1.0,81.0,91.0,112.35,22.75,0.5185185185185185,0.5,1.123456790123457,22.75,71.0,0.6901408450704225,S,Rana
Sachin Tendulkar,78.0,9.0,295.0,29.0,1948.0,2334.0,119.82,33.83,0.6950718685831622,0.11538461538461539,1.1981519507186857,33.82608695652174,1624.0,0.603448275862069,S,Tendulkar
Sachithra Senanayake,4.0,3.0,0.0,0.0,17.0,10.0,58.82,10.0,0.0,0.75,0.5882352941176471,10.0,17.0,0.5882352941176471,S,Senanayake
Salman Butt,7.0,0.0,30.0,2.0,161.0,193.0,119.88,27.57,0.8198757763975155,0.0,1.1987577639751552,27.571428571428573,129.0,0.4728682170542636,S,Butt
Sam Billings,18.0,0.0,31.0,10.0,246.0,334.0,135.77,18.56,0.7479674796747967,0.0,1.3577235772357723,18.555555555555557,205.0,0.7317073170731707,S,Billings
Samuel Badree,5.0,0.0,0.0,0.0,23.0,13.0,56.52,2.6,0.0,0.0,0.5652173913043478,2.6,23.0,0.5652173913043478,S,Badree
Sanath Jayasuriya,30.0,2.0,84.0,39.0,532.0,768.0,144.36,27.43,1.0714285714285714,0.06666666666666667,1.443609022556391,27.428571428571427,409.0,0.4841075794621027,S,Jayasuriya
Sandeep Sharma,16.0,13.0,1.0,0.0,39.0,26.0,66.67,8.67,0.10256410256410256,0.8125,0.6666666666666666,8.666666666666666,38.0,0.5789473684210527,S,Sharma
Sanjay Bangar,8.0,1.0,1.0,3.0,58.0,49.0,84.48,7.0,0.3793103448275862,0.125,0.8448275862068966,7.0,54.0,0.5,S,Bangar
Sanju Samson,77.0,7.0,142.0,76.0,1466.0,1867.0,127.35,26.67,0.6984993178717599,0.09090909090909091,1.2735334242837653,26.67142857142857,1248.0,0.6754807692307693,S,Samson
Sarfaraz Khan,18.0,7.0,26.0,7.0,143.0,228.0,159.44,20.73,1.020979020979021,0.3888888888888889,1.5944055944055944,20.727272727272727,110.0,0.7454545454545455,S,Khan
Saurabh Tiwary,65.0,20.0,93.0,45.0,1067.0,1276.0,119.59,28.36,0.6016869728209935,0.3076923076923077,1.1958762886597938,28.355555555555554,929.0,0.682454251883746,S,Tiwary
Scott Styris,10.0,3.0,10.0,3.0,133.0,131.0,98.5,18.71,0.43609022556390975,0.3,0.9849624060150376,18.714285714285715,120.0,0.6083333333333333,S,Styris
Sean Abbott,2.0,0.0,1.0,1.0,13.0,15.0,115.38,7.5,0.7692307692307693,0.0,1.1538461538461537,7.5,11.0,0.45454545454545453,S,Abbott
Shadab Jakati,8.0,7.0,3.0,0.0,29.0,28.0,96.55,28.0,0.41379310344827586,0.875,0.9655172413793104,28.0,26.0,0.6153846153846154,S,Jakati
Shahbaz Nadeem,19.0,7.0,1.0,0.0,78.0,32.0,41.03,2.67,0.05128205128205128,0.3684210526315789,0.41025641025641024,2.6666666666666665,77.0,0.36363636363636365,S,Nadeem
Shahid Afridi,9.0,1.0,7.0,6.0,46.0,81.0,176.09,10.13,1.391304347826087,0.1111111111111111,1.7608695652173914,10.125,33.0,0.5151515151515151,S,Afridi
Shakib Al Hasan,45.0,11.0,70.0,20.0,579.0,737.0,127.29,21.68,0.690846286701209,0.24444444444444444,1.2728842832469776,21.676470588235293,489.0,0.689161554192229,S,Hasan
Shalabh Srivastava,4.0,3.0,0.0,0.0,5.0,5.0,100.0,5.0,0.0,0.75,1.0,5.0,5.0,1.0,S,Srivastava
Shane Bond,1.0,0.0,0.0,0.0,2.0,1.0,50.0,1.0,0.0,0.0,0.5,1.0,2.0,0.5,S,Bond
Shane Warne,29.0,9.0,14.0,6.0,214.0,198.0,92.52,9.9,0.42990654205607476,0.3103448275862069,0.9252336448598131,9.9,194.0,0.5463917525773195,S,Warne
Shane Watson,113.0,15.0,300.0,157.0,2250.0,3177.0,141.2,32.42,0.952,0.13274336283185842,1.412,32.41836734693877,1793.0,0.577244841048522,S,Watson
Shardul Thakur,5.0,2.0,4.0,0.0,14.0,22.0,157.14,7.33,1.1428571428571428,0.4,1.5714285714285714,7.333333333333333,10.0,0.6,S,Thakur
Shaun Marsh,69.0,7.0,266.0,78.0,1866.0,2477.0,132.74,39.95,0.8210075026795284,0.10144927536231885,1.327438370846731,39.95161290322581,1522.0,0.6208935611038108,S,Marsh
Shaun Pollock,8.0,0.0,12.0,8.0,111.0,147.0,132.43,18.38,0.8648648648648649,0.0,1.3243243243243243,18.375,91.0,0.5604395604395604,S,Pollock
Shaun Tait,5.0,2.0,1.0,1.0,26.0,23.0,88.46,7.67,0.38461538461538464,0.4,0.8846153846153846,7.666666666666667,24.0,0.5416666666666666,S,Tait
Sheldon Jackson,3.0,1.0,5.0,0.0,31.0,38.0,122.58,19.0,0.6451612903225806,0.3333333333333333,1.2258064516129032,19.0,26.0,0.6923076923076923,S,Jackson
Shikhar Dhawan,142.0,20.0,460.0,85.0,3285.0,4058.0,123.53,33.26,0.715372907153729,0.14084507042253522,1.2353120243531202,33.26229508196721,2740.0,0.6233576642335766,S,Dhawan
Shivam Mavi,4.0,1.0,1.0,0.0,15.0,13.0,86.67,4.33,0.26666666666666666,0.25,0.8666666666666667,4.333333333333333,14.0,0.6428571428571429,S,Mavi
Shivam Sharma,2.0,1.0,1.0,0.0,3.0,5.0,166.67,5.0,1.3333333333333333,0.5,1.6666666666666667,5.0,2.0,0.5,S,Sharma
Shivnarine Chanderpaul,3.0,0.0,4.0,0.0,31.0,25.0,80.65,8.33,0.5161290322580645,0.0,0.8064516129032258,8.333333333333334,27.0,0.3333333333333333,S,Chanderpaul
Shoaib Ahmed,3.0,1.0,0.0,0.0,6.0,1.0,16.67,0.5,0.0,0.3333333333333333,0.16666666666666666,0.5,6.0,0.16666666666666666,S,Ahmed
Shoaib Akhtar,1.0,0.0,0.0,0.0,7.0,2.0,28.57,2.0,0.0,0.0,0.2857142857142857,2.0,7.0,0.2857142857142857,S,Akhtar
Shoaib Malik,5.0,1.0,5.0,0.0,47.0,52.0,110.64,13.0,0.425531914893617,0.2,1.1063829787234043,13.0,42.0,0.7619047619047619,S,Malik
Shoaib Shaikh,1.0,0.0,1.0,0.0,7.0,6.0,85.71,6.0,0.5714285714285714,0.0,0.8571428571428571,6.0,6.0,0.3333333333333333,S,Shaikh
Shreevats Goswami,19.0,1.0,32.0,3.0,291.0,293.0,100.69,16.28,0.5017182130584192,0.05263157894736842,1.006872852233677,16.27777777777778,256.0,0.57421875,S,Goswami
Shreyas Gopal,7.0,2.0,6.0,0.0,72.0,64.0,88.89,12.8,0.3333333333333333,0.2857142857142857,0.8888888888888888,12.8,66.0,0.6060606060606061,S,Gopal
Shreyas Iyer,46.0,6.0,108.0,53.0,938.0,1218.0,129.85,30.45,0.7995735607675906,0.13043478260869565,1.2985074626865671,30.45,777.0,0.6023166023166023,S,Iyer
Shrikant Wagh,2.0,0.0,0.0,0.0,3.0,2.0,66.67,1.0,0.0,0.0,0.6666666666666666,1.0,3.0,0.6666666666666666,S,Wagh
Shubman Gill,11.0,5.0,22.0,5.0,139.0,203.0,146.04,33.83,0.8489208633093526,0.45454545454545453,1.460431654676259,33.833333333333336,112.0,0.7589285714285714,S,Gill
Siddarth Kaul,8.0,5.0,0.0,0.0,27.0,12.0,44.44,4.0,0.0,0.625,0.4444444444444444,4.0,27.0,0.4444444444444444,S,Kaul
Siddharth Chitnis,8.0,1.0,10.0,2.0,89.0,99.0,111.24,14.14,0.5842696629213483,0.125,1.1123595505617978,14.142857142857142,77.0,0.6103896103896104,S,Chitnis
Siddharth Trivedi,15.0,8.0,3.0,1.0,59.0,42.0,71.19,6.0,0.3050847457627119,0.5333333333333333,0.711864406779661,6.0,55.0,0.43636363636363634,S,Trivedi
Simon Katich,11.0,1.0,25.0,8.0,186.0,241.0,129.57,24.1,0.7956989247311828,0.09090909090909091,1.2956989247311828,24.1,153.0,0.6078431372549019,S,Katich
Sohail Tanvir,5.0,2.0,3.0,1.0,29.0,36.0,124.14,12.0,0.6206896551724138,0.4,1.2413793103448276,12.0,25.0,0.72,S,Tanvir
Sourav Ganguly,56.0,3.0,137.0,42.0,1263.0,1349.0,106.81,25.45,0.6334125098970704,0.05357142857142857,1.0680918448139352,25.452830188679247,1084.0,0.5064575645756457,S,Ganguly
Sreenath Aravind,12.0,8.0,7.0,0.0,57.0,59.0,103.51,14.75,0.49122807017543857,0.6666666666666666,1.0350877192982457,14.75,50.0,0.62,S,Aravind
Sreesanth,14.0,10.0,6.0,0.0,55.0,34.0,61.82,8.5,0.43636363636363634,0.7142857142857143,0.6181818181818182,8.5,49.0,0.20408163265306123,S,Sreesanth
Sridharan Sriram,2.0,0.0,3.0,0.0,36.0,31.0,86.11,15.5,0.3333333333333333,0.0,0.8611111111111112,15.5,33.0,0.5757575757575758,S,Sriram
Srikkanth Anirudha,13.0,5.0,9.0,7.0,113.0,136.0,120.35,17.0,0.6902654867256637,0.38461538461538464,1.2035398230088497,17.0,97.0,0.5979381443298969,S,Anirudha
Stephen Fleming,10.0,1.0,27.0,3.0,165.0,196.0,118.79,21.78,0.7636363636363637,0.1,1.187878787878788,21.77777777777778,135.0,0.5185185185185185,S,Fleming
Steven Smith,62.0,16.0,150.0,45.0,1293.0,1703.0,131.71,37.02,0.6728538283062645,0.25806451612903225,1.317092034029389,37.02173913043478,1098.0,0.7586520947176685,S,Smith
Stuart Binny,63.0,20.0,61.0,31.0,643.0,810.0,125.97,18.84,0.6687402799377916,0.31746031746031744,1.2597200622083982,18.837209302325583,551.0,0.6896551724137931,S,Binny
Subramaniam Badrinath,67.0,20.0,154.0,28.0,1212.0,1441.0,118.89,30.66,0.6468646864686468,0.29850746268656714,1.188943894389439,30.659574468085108,1030.0,0.6378640776699029,S,Badrinath
Sudeep Tyagi,3.0,2.0,0.0,0.0,4.0,3.0,75.0,3.0,0.0,0.6666666666666666,0.75,3.0,4.0,0.75,S,Tyagi
Sumit Narwal,4.0,1.0,6.0,0.0,27.0,37.0,137.04,12.33,0.8888888888888888,0.25,1.3703703703703705,12.333333333333334,21.0,0.6190476190476191,S,Narwal
Sunil Joshi,2.0,0.0,0.0,0.0,14.0,6.0,42.86,3.0,0.0,0.0,0.42857142857142855,3.0,14.0,0.42857142857142855,S,Joshi
Sunil Narine,48.0,12.0,76.0,35.0,372.0,628.0,168.82,17.44,1.381720430107527,0.25,1.6881720430107527,17.444444444444443,261.0,0.4367816091954023,S,Narine
Sunny Singh,5.0,1.0,6.0,1.0,31.0,43.0,138.71,10.75,0.967741935483871,0.2,1.3870967741935485,10.75,24.0,0.5416666666666666,S,Singh
Sunny Sohal,20.0,0.0,34.0,18.0,292.0,368.0,126.03,18.4,0.8356164383561644,0.0,1.2602739726027397,18.4,240.0,0.5166666666666667,S,Sohal
Suraj Randiv,1.0,0.0,0.0,0.0,4.0,2.0,50.0,2.0,0.0,0.0,0.5,2.0,4.0,0.5,S,Randiv
Suresh Raina,172.0,27.0,448.0,185.0,3600.0,4985.0,138.47,34.38,0.8061111111111111,0.1569767441860465,1.3847222222222222,34.37931034482759,2967.0,0.7020559487698012,S,Raina
Suryakumar Yadav,56.0,14.0,115.0,37.0,849.0,1120.0,131.92,26.67,0.8032979976442874,0.25,1.3191990577149588,26.666666666666668,697.0,0.6284074605451937,S,Yadav
Swapnil Asnodkar,20.0,0.0,56.0,10.0,339.0,423.0,124.78,21.15,0.8377581120943953,0.0,1.247787610619469,21.15,273.0,0.5091575091575091,S,Asnodkar
Swapnil Singh,3.0,0.0,0.0,0.0,20.0,12.0,60.0,4.0,0.0,0.0,0.6,4.0,20.0,0.6,S,Singh
Tanmay Srivastava,3.0,2.0,0.0,0.0,11.0,8.0,72.73,8.0,0.0,0.6666666666666666,0.7272727272727273,8.0,11.0,0.7272727272727273,T,Srivastava
Taruwar Kohli,4.0,1.0,0.0,1.0,19.0,11.0,57.89,3.67,0.3157894736842105,0.25,0.5789473684210527,3.6666666666666665,18.0,0.2777777777777778,T,Kohli
Tatenda Taibu,3.0,0.0,3.0,0.0,26.0,31.0,119.23,10.33,0.46153846153846156,0.0,1.1923076923076923,10.333333333333334,23.0,0.8260869565217391,T,Taibu
Thalaivan Sargunam,1.0,0.0,0.0,0.0,17.0,10.0,58.82,10.0,0.0,0.0,0.5882352941176471,10.0,17.0,0.5882352941176471,T,Sargunam
Thilan Thushara,4.0,2.0,0.0,0.0,18.0,12.0,66.67,6.0,0.0,0.5,0.6666666666666666,6.0,18.0,0.6666666666666666,T,Thushara
Thisara Perera,30.0,8.0,23.0,26.0,307.0,422.0,137.46,19.18,0.8078175895765473,0.26666666666666666,1.3745928338762214,19.181818181818183,258.0,0.6744186046511628,T,Perera
Tillakaratne Dilshan,50.0,7.0,140.0,24.0,1007.0,1153.0,114.5,26.81,0.6991062562065541,0.14,1.1449851042701091,26.813953488372093,843.0,0.5326215895610913,T,Dilshan
Tim Paine,2.0,0.0,0.0,0.0,26.0,10.0,38.46,5.0,0.0,0.0,0.38461538461538464,5.0,26.0,0.38461538461538464,T,Paine
Tim Southee,13.0,5.0,8.0,4.0,81.0,106.0,130.86,13.25,0.691358024691358,0.38461538461538464,1.308641975308642,13.25,69.0,0.7246376811594203,T,Southee
Tirumalasetti Suman,40.0,8.0,55.0,26.0,575.0,676.0,117.57,21.13,0.6539130434782608,0.2,1.1756521739130434,21.125,494.0,0.6072874493927125,T,Suman
Tom Curran,4.0,1.0,3.0,0.0,28.0,23.0,82.14,7.67,0.42857142857142855,0.25,0.8214285714285714,7.666666666666667,25.0,0.44,T,Curran
Travis Birt,5.0,0.0,9.0,2.0,58.0,75.0,129.31,15.0,0.8275862068965517,0.0,1.293103448275862,15.0,47.0,0.574468085106383,T,Birt
Travis Head,10.0,3.0,12.0,8.0,148.0,205.0,138.51,29.29,0.6486486486486487,0.3,1.385135135135135,29.285714285714285,128.0,0.8515625,T,Head
Trent Boult,2.0,1.0,0.0,0.0,10.0,5.0,50.0,5.0,0.0,0.5,0.5,5.0,10.0,0.5,T,Boult
Tymal Mills,3.0,0.0,0.0,1.0,11.0,8.0,72.73,2.67,0.5454545454545454,0.0,0.7272727272727273,2.6666666666666665,10.0,0.2,T,Mills
Tyron Henderson,2.0,0.0,0.0,1.0,16.0,11.0,68.75,5.5,0.375,0.0,0.6875,5.5,15.0,0.3333333333333333,T,Henderson
Udit Birla,1.0,0.0,1.0,0.0,14.0,7.0,50.0,7.0,0.2857142857142857,0.0,0.5,7.0,13.0,0.23076923076923078,U,Birla
Umar Gul,4.0,1.0,1.0,5.0,19.0,39.0,205.26,13.0,1.7894736842105263,0.25,2.0526315789473686,13.0,13.0,0.38461538461538464,U,Gul
Umesh Yadav,30.0,19.0,8.0,3.0,101.0,97.0,96.04,8.82,0.49504950495049505,0.6333333333333333,0.9603960396039604,8.818181818181818,90.0,0.5222222222222223,U,Yadav
Unmukt Chand,20.0,0.0,32.0,9.0,300.0,300.0,100.0,15.0,0.6066666666666667,0.0,1.0,15.0,259.0,0.4555984555984556,U,Chand
Usman Khawaja,6.0,0.0,14.0,3.0,100.0,127.0,127.0,21.17,0.74,0.0,1.27,21.166666666666668,83.0,0.6385542168674698,U,Khawaja
VVS Laxman,20.0,1.0,33.0,5.0,267.0,282.0,105.62,14.84,0.6067415730337079,0.05,1.0561797752808988,14.842105263157896,229.0,0.5240174672489083,V,Laxman
Varun Aaron,10.0,6.0,2.0,2.0,55.0,46.0,83.64,11.5,0.36363636363636365,0.6,0.8363636363636363,11.5,51.0,0.5098039215686274,V,Aaron
Venugopal Rao,54.0,10.0,77.0,37.0,836.0,985.0,117.82,22.39,0.6339712918660287,0.18518518518518517,1.1782296650717703,22.386363636363637,722.0,0.6301939058171745,V,Rao
Vidyut Sivaramakrishnan,8.0,0.0,21.0,3.0,109.0,145.0,133.03,18.13,0.9357798165137615,0.0,1.3302752293577982,18.125,85.0,0.5058823529411764,V,Sivaramakrishnan
Vijay Shankar,15.0,9.0,23.0,12.0,223.0,313.0,140.36,52.17,0.7354260089686099,0.6,1.4035874439461884,52.166666666666664,188.0,0.7925531914893617,V,Shankar
Vijay Zol,2.0,0.0,3.0,1.0,26.0,29.0,111.54,14.5,0.6923076923076923,0.0,1.1153846153846154,14.5,22.0,0.5,V,Zol
Vikram Singh,2.0,0.0,1.0,0.0,3.0,4.0,133.33,2.0,1.3333333333333333,0.0,1.3333333333333333,2.0,2.0,0.0,V,Singh
Vikramjeet Malik,2.0,1.0,1.0,0.0,7.0,7.0,100.0,7.0,0.5714285714285714,0.5,1.0,7.0,6.0,0.5,V,Malik
Vikrant Yeligati,1.0,0.0,0.0,0.0,2.0,2.0,100.0,2.0,0.0,0.0,1.0,2.0,2.0,1.0,V,Yeligati
Vinay Kumar,46.0,18.0,21.0,9.0,274.0,310.0,113.14,11.07,0.5036496350364964,0.391304347826087,1.1313868613138687,11.071428571428571,244.0,0.7049180327868853,V,Kumar
Virat Kohli,155.0,26.0,434.0,177.0,3784.0,4948.0,130.76,38.36,0.7394291754756871,0.16774193548387098,1.3076109936575053,38.35658914728682,3173.0,0.6775921840529467,V,Kohli
Virender Sehwag,104.0,5.0,334.0,106.0,1755.0,2728.0,155.44,27.56,1.1236467236467236,0.04807692307692308,1.5544159544159544,27.555555555555557,1315.0,0.5749049429657794,V,Sehwag
Vishnu Vinod,3.0,0.0,1.0,1.0,26.0,19.0,73.08,6.33,0.38461538461538464,0.0,0.7307692307692307,6.333333333333333,24.0,0.375,V,Vinod
Washington Sundar,11.0,7.0,5.0,4.0,50.0,74.0,148.0,18.5,0.88,0.6363636363636364,1.48,18.5,41.0,0.7317073170731707,W,Sundar
Wasim Jaffer,8.0,0.0,14.0,3.0,121.0,130.0,107.44,16.25,0.6115702479338843,0.0,1.0743801652892562,16.25,104.0,0.5384615384615384,W,Jaffer
Wayne Parnell,13.0,4.0,4.0,1.0,75.0,63.0,84.0,7.0,0.29333333333333333,0.3076923076923077,0.84,7.0,70.0,0.5857142857142857,W,Parnell
Wilkin Mota,8.0,2.0,2.0,0.0,75.0,56.0,74.67,9.33,0.10666666666666667,0.25,0.7466666666666667,9.333333333333334,73.0,0.6575342465753424,W,Mota
Wriddhiman Saha,90.0,21.0,147.0,58.0,1293.0,1679.0,129.85,24.33,0.7238979118329466,0.23333333333333334,1.2985305491105956,24.333333333333332,1088.0,0.6829044117647058,W,Saha
Yashpal Singh,4.0,0.0,5.0,0.0,66.0,47.0,71.21,11.75,0.30303030303030304,0.0,0.7121212121212122,11.75,61.0,0.4426229508196721,Y,Singh
Yo Mahesh,5.0,3.0,0.0,0.0,27.0,15.0,55.56,7.5,0.0,0.6,0.5555555555555556,7.5,27.0,0.5555555555555556,Y,Mahesh
Yogesh Nagar,20.0,6.0,20.0,9.0,259.0,285.0,110.04,20.36,0.5173745173745173,0.3,1.1003861003861004,20.357142857142858,230.0,0.6565217391304348,Y,Nagar
Yogesh Takawale,10.0,2.0,26.0,3.0,178.0,192.0,107.87,24.0,0.6853932584269663,0.2,1.0786516853932584,24.0,149.0,0.4697986577181208,Y,Takawale
Younis Khan,1.0,0.0,0.0,0.0,7.0,3.0,42.86,3.0,0.0,0.0,0.42857142857142855,3.0,7.0,0.42857142857142855,Y,Khan
Yusuf Pathan,146.0,39.0,261.0,157.0,2196.0,3164.0,144.08,29.57,0.9043715846994536,0.2671232876712329,1.4408014571948997,29.570093457943926,1778.0,0.6625421822272216,Y,Pathan
Yuvraj Singh,122.0,15.0,210.0,143.0,2045.0,2652.0,129.68,24.79,0.830317848410758,0.12295081967213115,1.2968215158924206,24.785046728971963,1692.0,0.5638297872340425,Y,Singh
Yuzvendra Chahal,11.0,8.0,0.0,0.0,32.0,15.0,46.88,5.0,0.0,0.7272727272727273,0.46875,5.0,32.0,0.46875,Y,Chahal
Zaheer Khan,32.0,18.0,11.0,2.0,141.0,117.0,82.98,8.36,0.3971631205673759,0.5625,0.8297872340425532,8.357142857142858,128.0,0.4765625,Z,Khan
