Player,Inn,Balls,Runs,Econ,Wkts,4w,5w,SR,Ave,Wkt_Taker,consistent,big_wkt_taker,short_performance,player_initial,Surname
Aaron Finch,5.0,44.0,67.0,9.14,1.0,0.0,0.0,44,67,44.0,67.0,0.0,0.2,A,Finch
Aavishkar Salvi,7.0,156.0,200.0,7.69,7.0,0.0,0.0,22.29,28.57,22.285714285714285,28.571428571428573,0.0,1.0,A,Salvi
Abdur Razzak,1.0,14.0,29.0,12.43,0.0,0.0,0.0,0,0,0.0,0.0,0.0,0.0,A,Razzak
Abhimanyu Mithun,16.0,312.0,472.0,9.08,7.0,0.0,0.0,44.57,67.43,44.57142857142857,67.42857142857143,0.0,0.4375,A,Mithun
Abhishek Jhunjhunwala,10.0,88.0,129.0,8.8,1.0,0.0,0.0,88,129,88.0,129.0,0.0,0.1,A,Jhunjhunwala
Abhishek Nayar,19.0,239.0,322.0,8.08,9.0,0.0,0.0,26.56,35.78,26.555555555555557,35.77777777777778,0.0,0.47368421052631576,A,Nayar
Abhishek Raut,5.0,30.0,44.0,8.8,0.0,0.0,0.0,0,0,0.0,0.0,0.0,0.0,A,Raut
Abrar Kazi,1.0,13.0,21.0,9.69,0.0,0.0,0.0,0,0,0.0,0.0,0.0,0.0,A,Kazi
Abu Nechim,17.0,362.0,498.0,8.25,12.0,0.0,0.0,30.17,41.5,30.166666666666668,41.5,0.0,0.7058823529411765,A,Nechim
Adam Milne,5.0,109.0,177.0,9.74,4.0,0.0,0.0,27.25,44.25,27.25,44.25,0.0,0.8,A,Milne
Adam Voges,7.0,56.0,76.0,8.14,0.0,0.0,0.0,0,0,0.0,0.0,0.0,0.0,A,Voges
Adam Zampa,11.0,222.0,278.0,7.51,19.0,0.0,1.0,11.68,14.63,11.68421052631579,14.631578947368421,0.09090909090909091,1.8,A,Zampa
Aditya Dole,3.0,73.0,112.0,9.21,5.0,0.0,0.0,14.6,22.4,14.6,22.4,0.0,1.6666666666666667,A,Dole
Ajantha Mendis,10.0,244.0,285.0,7.01,8.0,0.0,0.0,30.5,35.63,30.5,35.625,0.0,0.8,A,Mendis
Ajinkya Rahane,1.0,6.0,5.0,5.0,1.0,0.0,0.0,6,5,6.0,5.0,0.0,1.0,A,Rahane
Ajit Agarkar,42.0,820.0,1151.0,8.42,29.0,0.0,0.0,28.28,39.69,28.275862068965516,39.689655172413794,0.0,0.6904761904761905,A,Agarkar
Ajit Chandila,12.0,234.0,242.0,6.21,11.0,1.0,0.0,21.27,22,21.272727272727273,22.0,0.08333333333333333,0.9090909090909091,A,Chandila
Akila Dananjaya,1.0,24.0,47.0,11.75,0.0,0.0,0.0,0,0,0.0,0.0,0.0,0.0,A,Dananjaya
Akshar Patel,67.0,1430.0,1765.0,7.41,61.0,1.0,0.0,23.44,28.93,23.442622950819672,28.934426229508198,0.014925373134328358,0.9090909090909091,A,Patel
Albie Morkel,87.0,1807.0,2359.0,7.83,85.0,1.0,0.0,21.26,27.75,21.258823529411764,27.75294117647059,0.011494252873563218,0.9767441860465116,A,Morkel
Alfonso Thomas,15.0,327.0,406.0,7.45,14.0,0.0,0.0,23.36,29,23.357142857142858,29.0,0.0,0.9333333333333333,A,Thomas
Ali Murtaza,12.0,269.0,313.0,6.98,9.0,0.0,0.0,29.89,34.78,29.88888888888889,34.77777777777778,0.0,0.75,A,Murtaza
Amit Mishra,136.0,2921.0,3525.0,7.24,146.0,3.0,1.0,20.01,24.14,20.006849315068493,24.143835616438356,0.029411764705882353,1.0757575757575757,A,Mishra
Amit Singh,23.0,486.0,620.0,7.65,28.0,1.0,0.0,17.36,22.14,17.357142857142858,22.142857142857142,0.043478260869565216,1.2272727272727273,A,Singh
Amit Uniyal,2.0,38.0,66.0,10.42,2.0,0.0,0.0,19,33,19.0,33.0,0.0,1.0,A,Uniyal
Anand Rajan,8.0,162.0,201.0,7.44,8.0,0.0,0.0,20.25,25.13,20.25,25.125,0.0,1.0,A,Rajan
Andre Nel,1.0,18.0,31.0,10.33,1.0,0.0,0.0,18,31,18.0,31.0,0.0,1.0,A,Nel
Andre Russell,49.0,878.0,1251.0,8.55,44.0,1.0,0.0,19.95,28.43,19.954545454545453,28.431818181818183,0.02040816326530612,0.8958333333333334,A,Russell
Andrew Flintoff,3.0,66.0,105.0,9.55,2.0,0.0,0.0,33,52.5,33.0,52.5,0.0,0.6666666666666666,A,Flintoff
Andrew McDonald,10.0,188.0,261.0,8.33,11.0,0.0,0.0,17.09,23.73,17.09090909090909,23.727272727272727,0.0,1.1,A,McDonald
Andrew Symonds,30.0,540.0,674.0,7.49,20.0,0.0,0.0,27,33.7,27.0,33.7,0.0,0.6666666666666666,A,Symonds
Andrew Tye,20.0,462.0,589.0,7.65,36.0,3.0,1.0,12.83,16.36,12.833333333333334,16.36111111111111,0.2,2.0,A,Tye
Angelo Mathews,44.0,806.0,1079.0,8.03,27.0,1.0,0.0,29.85,39.96,29.85185185185185,39.96296296296296,0.022727272727272728,0.6046511627906976,A,Mathews
Aniket Choudhary,5.0,101.0,144.0,8.55,5.0,0.0,0.0,20.2,28.8,20.2,28.8,0.0,1.0,A,Choudhary
Anil Kumble,42.0,983.0,1058.0,6.46,45.0,2.0,1.0,21.84,23.51,21.844444444444445,23.511111111111113,0.07142857142857142,1.0769230769230769,A,Kumble
Ankeet Chavan,13.0,255.0,326.0,7.67,8.0,0.0,0.0,31.88,40.75,31.875,40.75,0.0,0.6153846153846154,A,Chavan
Ankit Rajpoot,19.0,338.0,463.0,8.22,19.0,0.0,1.0,17.79,24.37,17.789473684210527,24.36842105263158,0.05263157894736842,1.0,A,Rajpoot
Ankit Sharma,21.0,375.0,450.0,7.2,12.0,0.0,0.0,31.25,37.5,31.25,37.5,0.0,0.5714285714285714,A,Sharma
Ankit Soni,6.0,109.0,144.0,7.93,2.0,0.0,0.0,54.5,72,54.5,72.0,0.0,0.3333333333333333,A,Soni
Anureet Singh,22.0,430.0,623.0,8.69,18.0,0.0,0.0,23.89,34.61,23.88888888888889,34.611111111111114,0.0,0.8181818181818182,A,Singh
Asad Pathan,3.0,41.0,63.0,9.22,0.0,0.0,0.0,0,0,0.0,0.0,0.0,0.0,A,Pathan
Ashish Nehra,88.0,1969.0,2495.0,7.6,106.0,1.0,0.0,18.58,23.54,18.57547169811321,23.537735849056602,0.011363636363636364,1.206896551724138,A,Nehra
Ashish Reddy,20.0,270.0,396.0,8.8,18.0,0.0,0.0,15,22,15.0,22.0,0.0,0.9,A,Reddy
Ashley Noffke,1.0,25.0,40.0,9.6,1.0,0.0,0.0,25,40,25.0,40.0,0.0,1.0,A,Noffke
Ashok Dinda,75.0,1584.0,2073.0,7.85,69.0,1.0,0.0,22.96,30.04,22.956521739130434,30.043478260869566,0.013333333333333334,0.918918918918919,A,Dinda
Ashok Menaria,12.0,113.0,144.0,7.65,3.0,0.0,0.0,37.67,48,37.666666666666664,48.0,0.0,0.25,A,Menaria
Avesh Khan,7.0,138.0,227.0,9.87,5.0,0.0,0.0,27.6,45.4,27.6,45.4,0.0,0.7142857142857143,A,Khan
Azhar Mahmood,23.0,552.0,700.0,7.61,29.0,0.0,0.0,19.03,24.14,19.03448275862069,24.137931034482758,0.0,1.2608695652173914,A,Mahmood
Balachandra Akhil,13.0,193.0,242.0,7.52,6.0,0.0,0.0,32.17,40.33,32.166666666666664,40.333333333333336,0.0,0.46153846153846156,B,Akhil
Basil Thampi,16.0,329.0,538.0,9.81,16.0,0.0,0.0,20.56,33.63,20.5625,33.625,0.0,1.0,B,Thampi
Ben Cutting,16.0,270.0,402.0,8.93,9.0,0.0,0.0,30,44.67,30.0,44.666666666666664,0.0,0.5625,B,Cutting
Ben Hilfenhaus,17.0,390.0,479.0,7.37,22.0,0.0,0.0,17.73,21.77,17.727272727272727,21.772727272727273,0.0,1.2941176470588236,B,Hilfenhaus
Ben Laughlin,9.0,170.0,282.0,9.95,10.0,0.0,0.0,17,28.2,17.0,28.2,0.0,1.1111111111111112,B,Laughlin
Ben Rohrer,1.0,7.0,12.0,10.29,0.0,0.0,0.0,0,0,0.0,0.0,0.0,0.0,B,Rohrer
Ben Stokes,24.0,486.0,619.0,7.64,20.0,0.0,0.0,24.3,30.95,24.3,30.95,0.0,0.8333333333333334,B,Stokes
Beuran Hendricks,7.0,157.0,235.0,8.98,9.0,0.0,0.0,17.44,26.11,17.444444444444443,26.11111111111111,0.0,1.2857142857142858,B,Hendricks
Bharat Chipli,1.0,6.0,20.0,20.0,0.0,0.0,0.0,0,0,0.0,0.0,0.0,0.0,B,Chipli
Bhargav Bhatt,15.0,303.0,397.0,7.86,12.0,1.0,0.0,25.25,33.08,25.25,33.083333333333336,0.06666666666666667,0.7857142857142857,B,Bhatt
Bhuvneshwar Kumar,102.0,2321.0,2693.0,6.96,120.0,2.0,1.0,19.34,22.44,19.341666666666665,22.441666666666666,0.029411764705882353,1.1818181818181819,B,Kumar
Billy Stanlake,6.0,144.0,200.0,8.33,7.0,0.0,0.0,20.57,28.57,20.571428571428573,28.571428571428573,0.0,1.1666666666666667,B,Stanlake
Bipul Sharma,28.0,434.0,572.0,7.91,17.0,0.0,0.0,25.53,33.65,25.529411764705884,33.64705882352941,0.0,0.6071428571428571,B,Sharma
Brad Hodge,20.0,238.0,303.0,7.64,17.0,1.0,0.0,14,17.82,14.0,17.823529411764707,0.05,0.8421052631578947,B,Hodge
Brad Hogg,21.0,466.0,570.0,7.34,23.0,1.0,0.0,20.26,24.78,20.26086956521739,24.782608695652176,0.047619047619047616,1.1,B,Hogg
Brainder Sran,22.0,476.0,706.0,8.9,18.0,0.0,0.0,26.44,39.22,26.444444444444443,39.22222222222222,0.0,0.8181818181818182,B,Sran
Brett Geeves,2.0,49.0,91.0,11.14,1.0,0.0,0.0,49,91,49.0,91.0,0.0,0.5,B,Geeves
Brett Lee,38.0,916.0,1095.0,7.17,25.0,0.0,0.0,36.64,43.8,36.64,43.8,0.0,0.6578947368421053,B,Lee
Cameron White,6.0,46.0,86.0,11.22,1.0,0.0,0.0,46,86,46.0,86.0,0.0,0.16666666666666666,C,White
Carlos Brathwaite,14.0,240.0,350.0,8.75,13.0,0.0,0.0,18.46,26.92,18.46153846153846,26.923076923076923,0.0,0.9285714285714286,C,Brathwaite
Chamara Kapugedera,3.0,17.0,49.0,17.29,0.0,0.0,0.0,0,0,0.0,0.0,0.0,0.0,C,Kapugedera
Chamara Silva,1.0,6.0,21.0,21.0,0.0,0.0,0.0,0,0,0.0,0.0,0.0,0.0,C,Silva
Chaminda Vaas,13.0,288.0,355.0,7.4,18.0,0.0,0.0,16,19.72,16.0,19.72222222222222,0.0,1.3846153846153846,C,Vaas
Chandrasekar Ganapathy,1.0,6.0,13.0,13.0,0.0,0.0,0.0,0,0,0.0,0.0,0.0,0.0,C,Ganapathy
Charl Langeveldt,7.0,165.0,187.0,6.8,13.0,0.0,0.0,12.69,14.38,12.692307692307692,14.384615384615385,0.0,1.8571428571428572,C,Langeveldt
Chetanya Nanda,3.0,50.0,57.0,6.84,2.0,0.0,0.0,25,28.5,25.0,28.5,0.0,0.6666666666666666,C,Nanda
Chris Gayle,37.0,579.0,724.0,7.5,18.0,0.0,0.0,32.17,40.22,32.166666666666664,40.22222222222222,0.0,0.4864864864864865,C,Gayle
Chris Jordan,11.0,211.0,298.0,8.47,12.0,1.0,0.0,17.58,24.83,17.583333333333332,24.833333333333332,0.09090909090909091,1.1,C,Jordan
Chris Morris,52.0,1116.0,1403.0,7.54,56.0,2.0,0.0,19.93,25.05,19.928571428571427,25.053571428571427,0.038461538461538464,1.08,C,Morris
Chris Woakes,18.0,374.0,576.0,9.24,25.0,0.0,0.0,14.96,23.04,14.96,23.04,0.0,1.3888888888888888,C,Woakes
Clint McKay,2.0,42.0,60.0,8.57,1.0,0.0,0.0,42,60,42.0,60.0,0.0,0.5,C,McKay
Colin Munro,2.0,12.0,15.0,7.5,0.0,0.0,0.0,0,0,0.0,0.0,0.0,0.0,C,Munro
Colin de Grandhomme,16.0,186.0,264.0,8.52,6.0,0.0,0.0,31,44,31.0,44.0,0.0,0.375,C,Grandhomme
Corey Anderson,22.0,303.0,518.0,10.26,11.0,0.0,0.0,27.55,47.09,27.545454545454547,47.09090909090909,0.0,0.5,C,Anderson
D'Arcy Short,2.0,18.0,19.0,6.33,1.0,0.0,0.0,18,19,18.0,19.0,0.0,0.5,D,Short
Dale Steyn,90.0,2153.0,2306.0,6.43,92.0,0.0,0.0,23.4,25.07,23.402173913043477,25.065217391304348,0.0,1.0222222222222221,D,Steyn
Daniel Christian,40.0,809.0,1037.0,7.69,34.0,0.0,0.0,23.79,30.5,23.794117647058822,30.5,0.0,0.85,D,Christian
Daniel Harris,2.0,18.0,26.0,8.67,0.0,0.0,0.0,0,0,0.0,0.0,0.0,0.0,D,Harris
Daniel Vettori,34.0,785.0,879.0,6.72,28.0,0.0,0.0,28.04,31.39,28.035714285714285,31.392857142857142,0.0,0.8235294117647058,D,Vettori
Darren Sammy,19.0,244.0,350.0,8.61,11.0,1.0,0.0,22.18,31.82,22.181818181818183,31.818181818181817,0.05263157894736842,0.5555555555555556,D,Sammy
David Hussey,26.0,323.0,474.0,8.81,8.0,0.0,0.0,40.38,59.25,40.375,59.25,0.0,0.3076923076923077,D,Hussey
David Wiese,14.0,289.0,402.0,8.35,16.0,1.0,0.0,18.06,25.13,18.0625,25.125,0.07142857142857142,1.1538461538461537,D,Wiese
David Willey,3.0,60.0,95.0,9.5,2.0,0.0,0.0,30,47.5,30.0,47.5,0.0,0.6666666666666666,D,Willey
Deepak Chahar,17.0,304.0,393.0,7.76,11.0,0.0,0.0,27.64,35.73,27.636363636363637,35.72727272727273,0.0,0.6470588235294118,D,Chahar
Deepak Hooda,18.0,219.0,292.0,8.0,6.0,0.0,0.0,36.5,48.67,36.5,48.666666666666664,0.0,0.3333333333333333,D,Hooda
Dhawal Kulkarni,80.0,1599.0,2069.0,7.76,80.0,1.0,0.0,19.99,25.86,19.9875,25.8625,0.0125,1.0,D,Kulkarni
Dilhara Fernando,10.0,249.0,298.0,7.18,17.0,1.0,0.0,14.65,17.53,14.647058823529411,17.529411764705884,0.1,1.7777777777777777,D,Fernando
Dillon du Preez,2.0,43.0,56.0,7.81,4.0,0.0,0.0,10.75,14,10.75,14.0,0.0,2.0,D,Preez
Dimitri Mascarenhas,13.0,310.0,356.0,6.89,19.0,0.0,1.0,16.32,18.74,16.31578947368421,18.736842105263158,0.07692307692307693,1.5,D,Mascarenhas
Dinesh Salunkhe,5.0,52.0,78.0,9.0,1.0,0.0,0.0,52,78,52.0,78.0,0.0,0.2,D,Salunkhe
Dirk Nannes,29.0,688.0,785.0,6.85,28.0,0.0,0.0,24.57,28.04,24.571428571428573,28.035714285714285,0.0,0.9655172413793104,D,Nannes
Doddapaneni Kalyankrishna,3.0,50.0,87.0,10.44,2.0,0.0,0.0,25,43.5,25.0,43.5,0.0,0.6666666666666666,D,Kalyankrishna
Dominic Thornely,4.0,44.0,40.0,5.45,3.0,0.0,0.0,14.67,13.33,14.666666666666666,13.333333333333334,0.0,0.75,D,Thornely
Domnic Joseph,6.0,84.0,101.0,7.21,4.0,0.0,0.0,21,25.25,21.0,25.25,0.0,0.6666666666666666,D,Joseph
Doug Bollinger,27.0,600.0,693.0,6.93,37.0,1.0,0.0,16.22,18.73,16.216216216216218,18.72972972972973,0.037037037037037035,1.3846153846153846,D,Bollinger
Doug Bracewell,1.0,25.0,32.0,7.68,3.0,0.0,0.0,8.33,10.67,8.333333333333334,10.666666666666666,0.0,3.0,D,Bracewell
Dwaraka Ravi Teja,2.0,18.0,28.0,9.33,1.0,0.0,0.0,18,28,18.0,28.0,0.0,0.5,D,Teja
Dwayne Bravo,119.0,2430.0,3288.0,8.12,136.0,2.0,0.0,17.87,24.18,17.86764705882353,24.176470588235293,0.01680672268907563,1.1452991452991452,D,Bravo
Dwayne Smith,46.0,553.0,810.0,8.79,26.0,1.0,0.0,21.27,31.15,21.26923076923077,31.153846153846153,0.021739130434782608,0.5555555555555556,D,Smith
Faf du Plessis,1.0,6.0,16.0,16.0,0.0,0.0,0.0,0,0,0.0,0.0,0.0,0.0,F,Plessis
Faiz Fazal,2.0,12.0,20.0,10.0,0.0,0.0,0.0,0,0,0.0,0.0,0.0,0.0,F,Fazal
Farveez Maharoof,20.0,441.0,520.0,7.07,27.0,0.0,0.0,16.33,19.26,16.333333333333332,19.25925925925926,0.0,1.35,F,Maharoof
Fidel Edwards,6.0,150.0,154.0,6.16,5.0,0.0,0.0,30,30.8,30.0,30.8,0.0,0.8333333333333334,F,Edwards
Gagandeep Singh,4.0,84.0,141.0,10.07,3.0,0.0,0.0,28,47,28.0,47.0,0.0,0.75,G,Singh
Glenn Maxwell,43.0,429.0,611.0,8.55,16.0,0.0,0.0,26.81,38.19,26.8125,38.1875,0.0,0.37209302325581395,G,Maxwell
Glenn McGrath,14.0,329.0,357.0,6.51,12.0,1.0,0.0,27.42,29.75,27.416666666666668,29.75,0.07142857142857142,0.8461538461538461,G,McGrath
Gnaneswara Rao,1.0,6.0,7.0,7.0,0.0,0.0,0.0,0,0,0.0,0.0,0.0,0.0,G,Rao
Graham Napier,1.0,24.0,27.0,6.75,1.0,0.0,0.0,24,27,24.0,27.0,0.0,1.0,G,Napier
Gurinder Sandhu,2.0,48.0,82.0,10.25,1.0,0.0,0.0,48,82,48.0,82.0,0.0,0.5,G,Sandhu
Gurkeerat Singh,6.0,82.0,97.0,7.1,5.0,0.0,0.0,16.4,19.4,16.4,19.4,0.0,0.8333333333333334,G,Singh
Hanuma Vihari,5.0,37.0,38.0,6.16,1.0,0.0,0.0,37,38,37.0,38.0,0.0,0.2,H,Vihari
Harbhajan Singh,146.0,3179.0,3655.0,6.9,134.0,1.0,1.0,23.72,27.28,23.723880597014926,27.276119402985074,0.0136986301369863,0.9166666666666666,H,Singh
Hardik Pandya,44.0,625.0,923.0,8.86,28.0,0.0,0.0,22.32,32.96,22.321428571428573,32.964285714285715,0.0,0.6363636363636364,H,Pandya
Harmeet Singh,27.0,549.0,697.0,7.62,26.0,0.0,0.0,21.12,26.81,21.115384615384617,26.807692307692307,0.0,0.9629629629629629,H,Singh
Harmeet Singh,1.0,25.0,34.0,8.16,1.0,0.0,0.0,25,34,25.0,34.0,0.0,1.0,H,Singh
Harshal Patel,39.0,811.0,1138.0,8.42,41.0,0.0,0.0,19.78,27.76,19.78048780487805,27.75609756097561,0.0,1.0512820512820513,H,Patel
Imran Tahir,38.0,854.0,1180.0,8.29,53.0,1.0,0.0,16.11,22.26,16.11320754716981,22.264150943396228,0.02631578947368421,1.4054054054054055,I,Tahir
Iqbal Abdulla,48.0,939.0,1109.0,7.09,40.0,0.0,0.0,23.48,27.73,23.475,27.725,0.0,0.8333333333333334,I,Abdulla
Irfan Pathan,101.0,2113.0,2649.0,7.52,80.0,0.0,0.0,26.41,33.11,26.4125,33.1125,0.0,0.7920792079207921,I,Pathan
Ish Sodhi,6.0,138.0,135.0,5.87,5.0,0.0,0.0,27.6,27,27.6,27.0,0.0,0.8333333333333334,I,Sodhi
Ishan Malhotra,1.0,6.0,23.0,23.0,0.0,0.0,0.0,0,0,0.0,0.0,0.0,0.0,I,Malhotra
Ishant Sharma,76.0,1707.0,2229.0,7.83,58.0,0.0,1.0,29.43,38.43,29.43103448275862,38.43103448275862,0.013157894736842105,0.76,I,Sharma
Ishwar Pandey,24.0,469.0,591.0,7.56,18.0,0.0,0.0,26.06,32.83,26.055555555555557,32.833333333333336,0.0,0.75,I,Pandey
Jacob Oram,14.0,244.0,349.0,8.58,9.0,0.0,0.0,27.11,38.78,27.11111111111111,38.77777777777778,0.0,0.6428571428571429,J,Oram
Jacques Kallis,89.0,1799.0,2293.0,7.65,65.0,0.0,0.0,27.68,35.28,27.676923076923078,35.276923076923076,0.0,0.7303370786516854,J,Kallis
Jagadeesha Suchith,13.0,253.0,368.0,8.73,10.0,0.0,0.0,25.3,36.8,25.3,36.8,0.0,0.7692307692307693,J,Suchith
Jamaluddin Syed Mohammad,11.0,196.0,283.0,8.66,8.0,0.0,0.0,24.5,35.38,24.5,35.375,0.0,0.7272727272727273,J,Mohammad
James Faulkner,60.0,1275.0,1778.0,8.37,59.0,0.0,2.0,21.61,30.14,21.610169491525422,30.135593220338983,0.03333333333333333,0.9827586206896551,J,Faulkner
James Franklin,15.0,155.0,220.0,8.52,9.0,0.0,0.0,17.22,24.44,17.22222222222222,24.444444444444443,0.0,0.6,J,Franklin
James Hopes,20.0,369.0,548.0,8.91,14.0,0.0,0.0,26.36,39.14,26.357142857142858,39.142857142857146,0.0,0.7,J,Hopes
Jaskaran Singh,7.0,111.0,171.0,9.24,6.0,0.0,0.0,18.5,28.5,18.5,28.5,0.0,0.8571428571428571,J,Singh
Jason Holder,11.0,228.0,306.0,8.05,5.0,0.0,0.0,45.6,61.2,45.6,61.2,0.0,0.45454545454545453,J,Holder
Jasprit Bumrah,61.0,1391.0,1773.0,7.65,63.0,0.0,0.0,22.08,28.14,22.07936507936508,28.142857142857142,0.0,1.0327868852459017,J,Bumrah
Javon Searles,3.0,42.0,89.0,12.71,2.0,0.0,0.0,21,44.5,21.0,44.5,0.0,0.6666666666666666,J,Searles
Jayant Yadav,10.0,182.0,196.0,6.46,4.0,0.0,0.0,45.5,49,45.5,49.0,0.0,0.4,J,Yadav
Jaydev Unadkat,61.0,1293.0,1795.0,8.33,67.0,0.0,2.0,19.3,26.79,19.29850746268657,26.791044776119403,0.03278688524590164,1.1016949152542372,J,Unadkat
Jean-Paul Duminy,49.0,701.0,834.0,7.14,23.0,1.0,0.0,30.48,36.26,30.47826086956522,36.26086956521739,0.02040816326530612,0.4583333333333333,J,Duminy
Jeevan Mendis,2.0,30.0,36.0,7.2,1.0,0.0,0.0,30,36,30.0,36.0,0.0,0.5,J,Mendis
Jerome Taylor,5.0,122.0,157.0,7.72,6.0,0.0,0.0,20.33,26.17,20.333333333333332,26.166666666666668,0.0,1.2,J,Taylor
Jesse Ryder,16.0,241.0,303.0,7.54,8.0,0.0,0.0,30.13,37.88,30.125,37.875,0.0,0.5,J,Ryder
Jimmy Neesham,4.0,57.0,91.0,9.58,1.0,0.0,0.0,57,91,57.0,91.0,0.0,0.25,J,Neesham
Jofra Archer,10.0,233.0,325.0,8.37,15.0,0.0,0.0,15.53,21.67,15.533333333333333,21.666666666666668,0.0,1.5,J,Archer
Joginder Sharma,15.0,272.0,419.0,9.24,12.0,0.0,0.0,22.67,34.92,22.666666666666668,34.916666666666664,0.0,0.8,J,Sharma
Johan Botha,34.0,709.0,801.0,6.78,25.0,0.0,0.0,28.36,32.04,28.36,32.04,0.0,0.7352941176470589,J,Botha
Johan van der Wath,3.0,76.0,129.0,10.18,3.0,0.0,0.0,25.33,43,25.333333333333332,43.0,0.0,1.0,J,Wath
John Hastings,3.0,61.0,66.0,6.49,3.0,0.0,0.0,20.33,22,20.333333333333332,22.0,0.0,1.0,J,Hastings
Junior Dala,1.0,18.0,34.0,11.33,0.0,0.0,0.0,0,0,0.0,0.0,0.0,0.0,J,Dala
Justin Kemp,5.0,47.0,54.0,6.89,3.0,0.0,0.0,15.67,18,15.666666666666666,18.0,0.0,0.6,J,Kemp
K Khejroliya,3.0,65.0,107.0,9.88,2.0,0.0,0.0,32.5,53.5,32.5,53.5,0.0,0.6666666666666666,K,Khejroliya
KC Cariappa,10.0,207.0,314.0,9.1,8.0,0.0,0.0,25.88,39.25,25.875,39.25,0.0,0.8,K,Cariappa
KM Asif,2.0,36.0,75.0,12.5,3.0,0.0,0.0,12,25,12.0,25.0,0.0,1.5,K,Asif
KP Appanna,13.0,222.0,286.0,7.73,9.0,1.0,0.0,24.67,31.78,24.666666666666668,31.77777777777778,0.07692307692307693,0.6666666666666666,K,Appanna
Kagiso Rabada,6.0,128.0,188.0,8.81,6.0,0.0,0.0,21.33,31.33,21.333333333333332,31.333333333333332,0.0,1.0,K,Rabada
Kamran Khan,9.0,170.0,224.0,7.91,9.0,0.0,0.0,18.89,24.89,18.88888888888889,24.88888888888889,0.0,1.0,K,Khan
Kane Richardson,14.0,326.0,443.0,8.15,18.0,0.0,0.0,18.11,24.61,18.11111111111111,24.61111111111111,0.0,1.2857142857142858,K,Richardson
Kane Williamson,1.0,6.0,7.0,7.0,0.0,0.0,0.0,0,0,0.0,0.0,0.0,0.0,K,Williamson
Karan Goel,6.0,67.0,93.0,8.33,0.0,0.0,0.0,0,0,0.0,0.0,0.0,0.0,K,Goel
Karanveer Singh,9.0,213.0,321.0,9.04,12.0,1.0,0.0,17.75,26.75,17.75,26.75,0.1111111111111111,1.375,K,Singh
Karn Sharma,60.0,1098.0,1412.0,7.72,53.0,2.0,0.0,20.72,26.64,20.71698113207547,26.641509433962263,0.03333333333333333,0.8793103448275862,K,Sharma
Kemar Roach,2.0,52.0,80.0,9.23,0.0,0.0,0.0,0,0,0.0,0.0,0.0,0.0,K,Roach
Kevin Pietersen,13.0,180.0,215.0,7.17,7.0,0.0,0.0,25.71,30.71,25.714285714285715,30.714285714285715,0.0,0.5384615384615384,K,Pietersen
Kevon Cooper,25.0,600.0,757.0,7.57,33.0,1.0,0.0,18.18,22.94,18.181818181818183,22.939393939393938,0.04,1.3333333333333333,K,Cooper
Khaleel Ahmed,1.0,18.0,38.0,12.67,0.0,0.0,0.0,0,0,0.0,0.0,0.0,0.0,K,Ahmed
Kieron Pollard,81.0,1275.0,1770.0,8.33,56.0,1.0,0.0,22.77,31.61,22.767857142857142,31.607142857142858,0.012345679012345678,0.6875,K,Pollard
Krishmar Santokie,2.0,51.0,90.0,10.59,3.0,0.0,0.0,17,30,17.0,30.0,0.0,1.5,K,Santokie
Krishnakant Upadhyay,3.0,56.0,81.0,8.68,0.0,0.0,0.0,0,0,0.0,0.0,0.0,0.0,K,Upadhyay
Krishnappa Gowtham,15.0,240.0,312.0,7.8,11.0,0.0,0.0,21.82,28.36,21.818181818181817,28.363636363636363,0.0,0.7333333333333333,K,Gowtham
Krunal Pandya,37.0,675.0,793.0,7.05,28.0,0.0,0.0,24.11,28.32,24.107142857142858,28.321428571428573,0.0,0.7567567567567568,K,Pandya
Kuldeep Yadav,30.0,628.0,858.0,8.2,35.0,1.0,0.0,17.94,24.51,17.942857142857143,24.514285714285716,0.03333333333333333,1.1724137931034482,K,Yadav
Kyle Abbott,5.0,102.0,177.0,10.41,2.0,0.0,0.0,51,88.5,51.0,88.5,0.0,0.4,K,Abbott
Lachie Ferguson,4.0,78.0,93.0,7.15,3.0,0.0,0.0,26,31,26.0,31.0,0.0,0.75,L,Ferguson
Lakshmipathy Balaji,73.0,1575.0,2028.0,7.73,76.0,3.0,1.0,20.72,26.68,20.723684210526315,26.68421052631579,0.0547945205479452,1.0434782608695652,L,Balaji
Lasith Malinga,110.0,2675.0,2928.0,6.57,154.0,4.0,1.0,17.37,19.01,17.37012987012987,19.01298701298701,0.045454545454545456,1.4190476190476191,L,Malinga
Laxmi Shukla,27.0,326.0,447.0,8.23,15.0,0.0,0.0,21.73,29.8,21.733333333333334,29.8,0.0,0.5555555555555556,L,Shukla
Lee Carseldine,1.0,7.0,6.0,5.14,1.0,0.0,0.0,7,6,7.0,6.0,0.0,1.0,L,Carseldine
Lendl Simmons,1.0,18.0,34.0,11.33,1.0,0.0,0.0,18,34,18.0,34.0,0.0,1.0,L,Simmons
Liam Plunkett,7.0,150.0,225.0,9.0,4.0,0.0,0.0,37.5,56.25,37.5,56.25,0.0,0.5714285714285714,L,Plunkett
Love Ablish,3.0,45.0,75.0,10.0,3.0,0.0,0.0,15,25,15.0,25.0,0.0,1.0,L,Ablish
Luke Wright,6.0,75.0,124.0,9.92,2.0,0.0,0.0,37.5,62,37.5,62.0,0.0,0.3333333333333333,L,Wright
Lungi Ngidi,7.0,156.0,156.0,6.0,11.0,1.0,0.0,14.18,14.18,14.181818181818182,14.181818181818182,0.14285714285714285,1.6666666666666667,L,Ngidi
M Prasidh Krishna,7.0,168.0,260.0,9.29,10.0,1.0,0.0,16.8,26,16.8,26.0,0.14285714285714285,1.5,M,Krishna
Mahipal Lomror,2.0,18.0,27.0,9.0,0.0,0.0,0.0,0,0,0.0,0.0,0.0,0.0,M,Lomror
Makhaya Ntini,9.0,213.0,242.0,6.82,7.0,1.0,0.0,30.43,34.57,30.428571428571427,34.57142857142857,0.1111111111111111,0.75,M,Ntini
Manoj Tiwary,6.0,44.0,83.0,11.32,1.0,0.0,0.0,44,83,44.0,83.0,0.0,0.16666666666666666,M,Tiwary
Manpreet Gony,44.0,922.0,1287.0,8.38,37.0,0.0,0.0,24.92,34.78,24.91891891891892,34.78378378378378,0.0,0.8409090909090909,M,Gony
Marchant de Lange,5.0,116.0,169.0,8.74,5.0,0.0,0.0,23.2,33.8,23.2,33.8,0.0,1.0,M,Lange
Marcus Stoinis,18.0,269.0,424.0,9.46,13.0,1.0,0.0,20.69,32.62,20.692307692307693,32.61538461538461,0.05555555555555555,0.7058823529411765,M,Stoinis
Mark Wood,1.0,24.0,49.0,12.25,0.0,0.0,0.0,0,0,0.0,0.0,0.0,0.0,M,Wood
Marlon Samuels,11.0,219.0,284.0,7.78,9.0,0.0,0.0,24.33,31.56,24.333333333333332,31.555555555555557,0.0,0.8181818181818182,M,Samuels
Mashrafe Mortaza,1.0,28.0,58.0,12.43,0.0,0.0,0.0,0,0,0.0,0.0,0.0,0.0,M,Mortaza
Matt Henry,2.0,30.0,71.0,14.2,1.0,0.0,0.0,30,71,30.0,71.0,0.0,0.5,M,Henry
Mayank Markande,14.0,264.0,368.0,8.36,15.0,1.0,0.0,17.6,24.53,17.6,24.533333333333335,0.07142857142857142,1.0769230769230769,M,Markande
Michael Clarke,5.0,66.0,67.0,6.09,2.0,0.0,0.0,33,33.5,33.0,33.5,0.0,0.4,M,Clarke
Michael Neser,1.0,25.0,62.0,14.88,0.0,0.0,0.0,0,0,0.0,0.0,0.0,0.0,M,Neser
Mitchell Johnson,54.0,1285.0,1702.0,7.95,61.0,0.0,0.0,21.07,27.9,21.065573770491802,27.901639344262296,0.0,1.1296296296296295,M,Johnson
Mitchell Marsh,18.0,327.0,414.0,7.6,20.0,1.0,0.0,16.35,20.7,16.35,20.7,0.05555555555555555,1.1176470588235294,M,Marsh
Mitchell McClenaghan,51.0,1201.0,1661.0,8.3,68.0,1.0,0.0,17.66,24.43,17.66176470588235,24.426470588235293,0.0196078431372549,1.34,M,McClenaghan
Mitchell Starc,26.0,612.0,693.0,6.79,34.0,1.0,0.0,18,20.38,18.0,20.38235294117647,0.038461538461538464,1.32,M,Starc
Mithun Manhas,3.0,42.0,42.0,6.0,0.0,0.0,0.0,0,0,0.0,0.0,0.0,0.0,M,Manhas
Moeen Ali,5.0,79.0,97.0,7.37,3.0,0.0,0.0,26.33,32.33,26.333333333333332,32.333333333333336,0.0,0.6,M,Ali
Mohammad Asif,8.0,199.0,296.0,8.92,8.0,0.0,0.0,24.88,37,24.875,37.0,0.0,1.0,M,Asif
Mohammad Hafeez,4.0,63.0,68.0,6.48,2.0,0.0,0.0,31.5,34,31.5,34.0,0.0,0.5,M,Hafeez
Mohammad Nabi,5.0,96.0,105.0,6.56,3.0,0.0,0.0,32,35,32.0,35.0,0.0,0.6,M,Nabi
Mohammad Shami,35.0,733.0,1078.0,8.82,21.0,0.0,0.0,34.9,51.33,34.904761904761905,51.333333333333336,0.0,0.6,M,Shami
Mohammed Siraj,17.0,384.0,579.0,9.05,21.0,1.0,0.0,18.29,27.57,18.285714285714285,27.571428571428573,0.058823529411764705,1.25,M,Siraj
Mohit Sharma,84.0,1741.0,2398.0,8.26,90.0,1.0,0.0,19.34,26.64,19.344444444444445,26.644444444444446,0.011904761904761904,1.072289156626506,M,Sharma
Mohnish Parmar,1.0,19.0,33.0,10.42,0.0,0.0,0.0,0,0,0.0,0.0,0.0,0.0,M,Parmar
Moises Henriques,55.0,914.0,1244.0,8.17,38.0,0.0,0.0,24.05,32.74,24.05263157894737,32.73684210526316,0.0,0.6909090909090909,M,Henriques
Morne Morkel,70.0,1699.0,2089.0,7.38,77.0,1.0,0.0,22.06,27.13,22.064935064935064,27.12987012987013,0.014285714285714285,1.1014492753623188,M,Morkel
Mujeeb Zadran,11.0,248.0,289.0,6.99,14.0,0.0,0.0,17.71,20.64,17.714285714285715,20.642857142857142,0.0,1.2727272727272727,M,Zadran
Munaf Patel,63.0,1382.0,1698.0,7.37,74.0,2.0,1.0,18.68,22.95,18.675675675675677,22.945945945945947,0.047619047619047616,1.1833333333333333,M,Patel
Murali Kartik,55.0,1183.0,1388.0,7.04,31.0,0.0,0.0,38.16,44.77,38.16129032258065,44.774193548387096,0.0,0.5636363636363636,M,Kartik
Murali Vijay,4.0,37.0,49.0,7.95,0.0,0.0,0.0,0,0,0.0,0.0,0.0,0.0,M,Vijay
Murugan Ashwin,12.0,218.0,294.0,8.09,10.0,0.0,0.0,21.8,29.4,21.8,29.4,0.0,0.8333333333333334,M,Ashwin
Musavir Khote,2.0,30.0,51.0,10.2,2.0,0.0,0.0,15,25.5,15.0,25.5,0.0,1.0,M,Khote
Mustafizur Rahman,24.0,557.0,685.0,7.38,24.0,0.0,0.0,23.21,28.54,23.208333333333332,28.541666666666668,0.0,1.0,M,Rahman
Muttiah Muralitharan,66.0,1577.0,1696.0,6.45,63.0,0.0,0.0,25.03,26.92,25.03174603174603,26.92063492063492,0.0,0.9545454545454546,M,Muralitharan
Nathan Coulter-Nile,25.0,577.0,719.0,7.48,36.0,1.0,0.0,16.03,19.97,16.02777777777778,19.97222222222222,0.04,1.4583333333333333,N,Coulter-Nile
Nathan McCullum,2.0,30.0,34.0,6.8,0.0,0.0,0.0,0,0,0.0,0.0,0.0,0.0,N,McCullum
Nathan Rimmington,1.0,18.0,19.0,6.33,0.0,0.0,0.0,0,0,0.0,0.0,0.0,0.0,N,Rimmington
Nathu Singh,2.0,24.0,15.0,3.75,1.0,0.0,0.0,24,15,24.0,15.0,0.0,0.5,N,Singh
Nayan Doshi,4.0,57.0,79.0,8.32,2.0,0.0,0.0,28.5,39.5,28.5,39.5,0.0,0.5,N,Doshi
Nitish Rana,6.0,43.0,47.0,6.56,4.0,0.0,0.0,10.75,11.75,10.75,11.75,0.0,0.6666666666666666,N,Rana
Nuwan Kulasekara,5.0,107.0,120.0,6.73,5.0,0.0,0.0,21.4,24,21.4,24.0,0.0,1.0,N,Kulasekara
Nuwan Zoysa,3.0,69.0,99.0,8.61,2.0,0.0,0.0,34.5,49.5,34.5,49.5,0.0,0.6666666666666666,N,Zoysa
PM Sarvesh Kumar,2.0,31.0,42.0,8.13,1.0,0.0,0.0,31,42,31.0,42.0,0.0,0.5,P,Kumar
Padmanabhan Prasanth,1.0,6.0,18.0,18.0,0.0,0.0,0.0,0,0,0.0,0.0,0.0,0.0,P,Prasanth
Paidikalva Vijaykumar,9.0,159.0,199.0,7.51,4.0,0.0,0.0,39.75,49.75,39.75,49.75,0.0,0.4444444444444444,P,Vijaykumar
Palani Amarnath,6.0,132.0,236.0,10.73,7.0,0.0,0.0,18.86,33.71,18.857142857142858,33.714285714285715,0.0,1.1666666666666667,P,Amarnath
Pankaj Singh,17.0,311.0,468.0,9.03,11.0,0.0,0.0,28.27,42.55,28.272727272727273,42.54545454545455,0.0,0.6470588235294118,P,Singh
Pardeep Sahu,5.0,107.0,146.0,8.19,3.0,0.0,0.0,35.67,48.67,35.666666666666664,48.666666666666664,0.0,0.6,P,Sahu
Parvez Rasool,11.0,200.0,271.0,8.13,4.0,0.0,0.0,50,67.75,50.0,67.75,0.0,0.36363636363636365,P,Rasool
Parvinder Awana,33.0,774.0,1029.0,7.98,39.0,1.0,0.0,19.85,26.38,19.846153846153847,26.384615384615383,0.030303030303030304,1.1875,P,Awana
Patrick Cummins,16.0,367.0,499.0,8.16,17.0,0.0,0.0,21.59,29.35,21.58823529411765,29.352941176470587,0.0,1.0625,P,Cummins
Paul Collingwood,6.0,90.0,101.0,6.73,5.0,0.0,0.0,18,20.2,18.0,20.2,0.0,0.8333333333333334,P,Collingwood
Paul Valthaty,10.0,153.0,205.0,8.04,7.0,1.0,0.0,21.86,29.29,21.857142857142858,29.285714285714285,0.1,0.6666666666666666,P,Valthaty
Pawan Negi,38.0,656.0,837.0,7.66,31.0,1.0,0.0,21.16,27,21.161290322580644,27.0,0.02631578947368421,0.8108108108108109,P,Negi
Pawan Suyal,5.0,107.0,151.0,8.47,2.0,0.0,0.0,53.5,75.5,53.5,75.5,0.0,0.4,P,Suyal
Piyush Chawla,143.0,2885.0,3673.0,7.64,140.0,2.0,0.0,20.61,26.24,20.607142857142858,26.235714285714284,0.013986013986013986,0.9787234042553191,P,Chawla
Pradeep Sangwan,39.0,847.0,1175.0,8.32,35.0,0.0,0.0,24.2,33.57,24.2,33.57142857142857,0.0,0.8974358974358975,P,Sangwan
Pragyan Ojha,90.0,1945.0,2332.0,7.19,89.0,0.0,0.0,21.85,26.2,21.853932584269664,26.202247191011235,0.0,0.9888888888888889,P,Ojha
Prasanth Parameswaran,8.0,159.0,224.0,8.45,9.0,0.0,0.0,17.67,24.89,17.666666666666668,24.88888888888889,0.0,1.125,P,Parameswaran
Praveen Kumar,119.0,2627.0,3251.0,7.43,90.0,0.0,0.0,29.19,36.12,29.18888888888889,36.12222222222222,0.0,0.7563025210084033,P,Kumar
Pravin Tambe,33.0,674.0,853.0,7.59,28.0,1.0,0.0,24.07,30.46,24.071428571428573,30.464285714285715,0.030303030303030304,0.84375,P,Tambe
RP Singh,82.0,1874.0,2338.0,7.49,90.0,2.0,0.0,20.82,25.98,20.822222222222223,25.977777777777778,0.024390243902439025,1.1,R,Singh
Rahil Shaikh,1.0,6.0,11.0,11.0,0.0,0.0,0.0,0,0,0.0,0.0,0.0,0.0,R,Shaikh
Rahul Chahar,2.0,42.0,58.0,8.29,2.0,0.0,0.0,21,29,21.0,29.0,0.0,1.0,R,Chahar
Rahul Sharma,44.0,935.0,1086.0,6.97,40.0,0.0,0.0,23.38,27.15,23.375,27.15,0.0,0.9090909090909091,R,Sharma
Rahul Shukla,7.0,130.0,208.0,9.6,5.0,0.0,0.0,26,41.6,26.0,41.6,0.0,0.7142857142857143,R,Shukla
Rahul Tewatia,15.0,259.0,312.0,7.23,12.0,0.0,0.0,21.58,26,21.583333333333332,26.0,0.0,0.8,R,Tewatia
Rahul Tripathi,1.0,6.0,12.0,12.0,0.0,0.0,0.0,0,0,0.0,0.0,0.0,0.0,R,Tripathi
Raiphi Gomez,9.0,97.0,129.0,7.98,5.0,0.0,0.0,19.4,25.8,19.4,25.8,0.0,0.5555555555555556,R,Gomez
Rajagopal Sathish,14.0,144.0,232.0,9.67,3.0,0.0,0.0,48,77.33,48.0,77.33333333333333,0.0,0.21428571428571427,R,Sathish
Rajat Bhatia,91.0,1660.0,2020.0,7.3,71.0,1.0,0.0,23.38,28.45,23.380281690140844,28.450704225352112,0.01098901098901099,0.7777777777777778,R,Bhatia
Raju Bhatkal,1.0,12.0,35.0,17.5,0.0,0.0,0.0,0,0,0.0,0.0,0.0,0.0,R,Bhatkal
Ramesh Powar,26.0,443.0,527.0,7.14,13.0,0.0,0.0,34.08,40.54,34.07692307692308,40.53846153846154,0.0,0.5,R,Powar
Ranadeb Bose,1.0,12.0,24.0,12.0,0.0,0.0,0.0,0,0,0.0,0.0,0.0,0.0,R,Bose
Rashid Khan,31.0,732.0,816.0,6.69,38.0,0.0,0.0,19.26,21.47,19.263157894736842,21.473684210526315,0.0,1.2258064516129032,R,Khan
Ravi Bopara,14.0,213.0,292.0,8.23,11.0,0.0,0.0,19.36,26.55,19.363636363636363,26.545454545454547,0.0,0.7857142857142857,R,Bopara
Ravi Rampaul,12.0,272.0,298.0,6.57,14.0,0.0,0.0,19.43,21.29,19.428571428571427,21.285714285714285,0.0,1.1666666666666667,R,Rampaul
Ravichandran Ashwin,122.0,2663.0,2909.0,6.55,110.0,1.0,0.0,24.21,26.45,24.20909090909091,26.445454545454545,0.00819672131147541,0.9008264462809917,R,Ashwin
Ravindra Jadeja,126.0,2207.0,2809.0,7.64,93.0,3.0,1.0,23.73,30.2,23.731182795698924,30.204301075268816,0.031746031746031744,0.7295081967213115,R,Jadeja
Ray Price,1.0,18.0,33.0,11.0,0.0,0.0,0.0,0,0,0.0,0.0,0.0,0.0,R,Price
Rishi Dhawan,25.0,511.0,640.0,7.51,18.0,0.0,0.0,28.39,35.56,28.38888888888889,35.55555555555556,0.0,0.72,R,Dhawan
Robin Peterson,4.0,48.0,70.0,8.75,3.0,0.0,0.0,16,23.33,16.0,23.333333333333332,0.0,0.75,R,Peterson
Roelof van der Merwe,21.0,455.0,498.0,6.57,21.0,0.0,0.0,21.67,23.71,21.666666666666668,23.714285714285715,0.0,1.0,R,Merwe
Rohan Gavaskar,1.0,6.0,8.0,8.0,0.0,0.0,0.0,0,0,0.0,0.0,0.0,0.0,R,Gavaskar
Rohan Raje,10.0,144.0,209.0,8.71,6.0,0.0,0.0,24,34.83,24.0,34.833333333333336,0.0,0.6,R,Raje
Rohit Sharma,30.0,342.0,440.0,7.72,15.0,1.0,0.0,22.8,29.33,22.8,29.333333333333332,0.03333333333333333,0.4827586206896552,R,Sharma
Ronit More,2.0,37.0,59.0,9.57,1.0,0.0,0.0,37,59,37.0,59.0,0.0,0.5,R,More
Ross Taylor,2.0,13.0,24.0,11.08,0.0,0.0,0.0,0,0,0.0,0.0,0.0,0.0,R,Taylor
Rusty Theron,10.0,230.0,293.0,7.64,9.0,0.0,0.0,25.56,32.56,25.555555555555557,32.55555555555556,0.0,0.9,R,Theron
Ryan Harris,37.0,865.0,1047.0,7.26,45.0,1.0,0.0,19.22,23.27,19.22222222222222,23.266666666666666,0.02702702702702703,1.2222222222222223,R,Harris
Ryan McLaren,18.0,372.0,542.0,8.74,12.0,0.0,0.0,31,45.17,31.0,45.166666666666664,0.0,0.6666666666666666,R,McLaren
Ryan Ninan,2.0,36.0,65.0,10.83,3.0,0.0,0.0,12,21.67,12.0,21.666666666666668,0.0,1.5,R,Ninan
Ryan ten Doeschate,10.0,83.0,94.0,6.8,2.0,0.0,0.0,41.5,47,41.5,47.0,0.0,0.2,R,Doeschate
Sachin Baby,2.0,10.0,8.0,4.8,2.0,0.0,0.0,5,4,5.0,4.0,0.0,1.0,S,Baby
Sachin Rana,3.0,16.0,18.0,6.75,0.0,0.0,0.0,0,0,0.0,0.0,0.0,0.0,S,Rana
Sachin Tendulkar,4.0,37.0,58.0,9.41,0.0,0.0,0.0,0,0,0.0,0.0,0.0,0.0,S,Tendulkar
Sachithra Senanayake,8.0,195.0,209.0,6.43,9.0,0.0,0.0,21.67,23.22,21.666666666666668,23.22222222222222,0.0,1.125,S,Senanayake
Samuel Badree,12.0,262.0,319.0,7.31,11.0,1.0,0.0,23.82,29,23.818181818181817,29.0,0.08333333333333333,0.9090909090909091,S,Badree
Sanath Jayasuriya,21.0,301.0,390.0,7.77,13.0,0.0,0.0,23.15,30,23.153846153846153,30.0,0.0,0.6190476190476191,S,Jayasuriya
Sandeep Lamichhane,3.0,72.0,82.0,6.83,5.0,0.0,0.0,14.4,16.4,14.4,16.4,0.0,1.6666666666666667,S,Lamichhane
Sandeep Sharma,68.0,1524.0,1920.0,7.56,83.0,2.0,0.0,18.36,23.13,18.36144578313253,23.132530120481928,0.029411764705882353,1.2272727272727273,S,Sharma
Sanjay Bangar,9.0,153.0,219.0,8.59,4.0,0.0,0.0,38.25,54.75,38.25,54.75,0.0,0.4444444444444444,S,Bangar
Sarabjit Ladda,9.0,141.0,224.0,9.53,5.0,0.0,0.0,28.2,44.8,28.2,44.8,0.0,0.5555555555555556,S,Ladda
Scott Boland,2.0,43.0,54.0,7.53,2.0,0.0,0.0,21.5,27,21.5,27.0,0.0,1.0,S,Boland
Scott Styris,11.0,222.0,276.0,7.46,8.0,0.0,0.0,27.75,34.5,27.75,34.5,0.0,0.7272727272727273,S,Styris
Sean Abbott,2.0,32.0,57.0,10.69,0.0,0.0,0.0,0,0,0.0,0.0,0.0,0.0,S,Abbott
Shadab Jakati,57.0,1099.0,1451.0,7.92,47.0,2.0,0.0,23.38,30.87,23.382978723404257,30.872340425531913,0.03508771929824561,0.8181818181818182,S,Jakati
Shahbaz Nadeem,59.0,1224.0,1480.0,7.25,40.0,0.0,0.0,30.6,37,30.6,37.0,0.0,0.6779661016949152,S,Nadeem
Shahid Afridi,10.0,185.0,225.0,7.3,9.0,0.0,0.0,20.56,25,20.555555555555557,25.0,0.0,0.9,S,Afridi
Shakib Al Hasan,59.0,1289.0,1557.0,7.25,57.0,0.0,0.0,22.61,27.32,22.614035087719298,27.31578947368421,0.0,0.9661016949152542,S,Hasan
Shalabh Srivastava,14.0,306.0,441.0,8.65,14.0,0.0,0.0,21.86,31.5,21.857142857142858,31.5,0.0,1.0,S,Srivastava
Shane Bond,8.0,191.0,224.0,7.04,9.0,0.0,0.0,21.22,24.89,21.22222222222222,24.88888888888889,0.0,1.125,S,Bond
Shane Harwood,3.0,67.0,73.0,6.54,3.0,0.0,0.0,22.33,24.33,22.333333333333332,24.333333333333332,0.0,1.0,S,Harwood
Shane Warne,54.0,1223.0,1447.0,7.1,57.0,1.0,0.0,21.46,25.39,21.45614035087719,25.385964912280702,0.018518518518518517,1.0566037735849056,S,Warne
Shane Watson,105.0,2125.0,2682.0,7.57,92.0,1.0,0.0,23.1,29.15,23.097826086956523,29.152173913043477,0.009523809523809525,0.875,S,Watson
Shardul Thakur,26.0,529.0,784.0,8.89,28.0,0.0,0.0,18.89,28,18.892857142857142,28.0,0.0,1.0769230769230769,S,Thakur
Shaun Pollock,13.0,280.0,301.0,6.45,11.0,0.0,0.0,25.45,27.36,25.454545454545453,27.363636363636363,0.0,0.8461538461538461,S,Pollock
Shaun Tait,21.0,534.0,640.0,7.19,23.0,0.0,0.0,23.22,27.83,23.217391304347824,27.82608695652174,0.0,1.0952380952380953,S,Tait
Shikhar Dhawan,6.0,49.0,66.0,8.08,4.0,0.0,0.0,12.25,16.5,12.25,16.5,0.0,0.6666666666666666,S,Dhawan
Shivam Mavi,9.0,168.0,270.0,9.64,5.0,0.0,0.0,33.6,54,33.6,54.0,0.0,0.5555555555555556,S,Mavi
Shivam Sharma,5.0,114.0,165.0,8.68,4.0,0.0,0.0,28.5,41.25,28.5,41.25,0.0,0.8,S,Sharma
Shivil Kaushik,10.0,208.0,297.0,8.57,6.0,0.0,0.0,34.67,49.5,34.666666666666664,49.5,0.0,0.6,S,Kaushik
Shoaib Ahmed,7.0,103.0,152.0,8.85,5.0,0.0,0.0,20.6,30.4,20.6,30.4,0.0,0.7142857142857143,S,Ahmed
Shoaib Akhtar,3.0,46.0,54.0,7.04,5.0,1.0,0.0,9.2,10.8,9.2,10.8,0.3333333333333333,2.0,S,Akhtar
Shoaib Malik,5.0,58.0,85.0,8.79,2.0,0.0,0.0,29,42.5,29.0,42.5,0.0,0.4,S,Malik
Shreyas Gopal,16.0,302.0,390.0,7.75,18.0,1.0,0.0,16.78,21.67,16.77777777777778,21.666666666666668,0.0625,1.1333333333333333,S,Gopal
Shrikant Mundhe,1.0,7.0,6.0,5.14,1.0,0.0,0.0,7,6,7.0,6.0,0.0,1.0,S,Mundhe
Shrikant Wagh,8.0,108.0,137.0,7.61,5.0,0.0,0.0,21.6,27.4,21.6,27.4,0.0,0.625,S,Wagh
Shubham Agarwal,1.0,24.0,42.0,10.5,1.0,0.0,0.0,24,42,24.0,42.0,0.0,1.0,S,Agarwal
Siddarth Kaul,38.0,825.0,1143.0,8.31,43.0,1.0,0.0,19.19,26.58,19.186046511627907,26.58139534883721,0.02631578947368421,1.135135135135135,S,Kaul
Siddharth Chitnis,2.0,38.0,60.0,9.47,2.0,0.0,0.0,19,30,19.0,30.0,0.0,1.0,S,Chitnis
Siddharth Trivedi,75.0,1557.0,1904.0,7.34,65.0,1.0,0.0,23.95,29.29,23.953846153846154,29.29230769230769,0.013333333333333334,0.8648648648648649,S,Trivedi
Sohail Tanvir,11.0,265.0,266.0,6.02,22.0,1.0,1.0,12.05,12.09,12.045454545454545,12.090909090909092,0.18181818181818182,2.2222222222222223,S,Tanvir
Sourav Ganguly,20.0,280.0,363.0,7.78,10.0,0.0,0.0,28,36.3,28.0,36.3,0.0,0.5,S,Ganguly
Sourav Sarkar,2.0,25.0,34.0,8.16,1.0,0.0,0.0,25,34,25.0,34.0,0.0,0.5,S,Sarkar
Sreenath Aravind,38.0,781.0,1039.0,7.98,45.0,2.0,0.0,17.36,23.09,17.355555555555554,23.08888888888889,0.05263157894736842,1.1944444444444444,S,Aravind
Sreesanth,44.0,947.0,1194.0,7.56,40.0,0.0,0.0,23.68,29.85,23.675,29.85,0.0,0.9090909090909091,S,Sreesanth
Sridharan Sriram,2.0,18.0,49.0,16.33,0.0,0.0,0.0,0,0,0.0,0.0,0.0,0.0,S,Sriram
Steven Smith,1.0,2.0,5.0,15.0,0.0,0.0,0.0,0,0,0.0,0.0,0.0,0.0,S,Smith
Stuart Binny,58.0,565.0,714.0,7.58,21.0,0.0,0.0,26.9,34,26.904761904761905,34.0,0.0,0.3620689655172414,S,Binny
Sudeep Tyagi,14.0,220.0,295.0,8.05,6.0,0.0,0.0,36.67,49.17,36.666666666666664,49.166666666666664,0.0,0.42857142857142855,S,Tyagi
Sumit Narwal,6.0,113.0,202.0,10.73,5.0,0.0,0.0,22.6,40.4,22.6,40.4,0.0,0.8333333333333334,S,Narwal
Sunil Joshi,4.0,55.0,82.0,8.95,1.0,0.0,0.0,55,82,55.0,82.0,0.0,0.25,S,Joshi
Sunil Narine,97.0,2308.0,2498.0,6.49,112.0,6.0,1.0,20.61,22.3,20.607142857142858,22.303571428571427,0.07216494845360824,1.1666666666666667,S,Narine
Sunny Gupta,1.0,19.0,47.0,14.84,0.0,0.0,0.0,0,0,0.0,0.0,0.0,0.0,S,Gupta
Suraj Randiv,8.0,180.0,223.0,7.43,6.0,0.0,0.0,30,37.17,30.0,37.166666666666664,0.0,0.75,S,Randiv
Suresh Raina,68.0,924.0,1112.0,7.22,25.0,0.0,0.0,36.96,44.48,36.96,44.48,0.0,0.36764705882352944,S,Raina
Suryakumar Yadav,1.0,6.0,8.0,8.0,0.0,0.0,0.0,0,0,0.0,0.0,0.0,0.0,S,Yadav
Swapnil Singh,5.0,60.0,90.0,9.0,1.0,0.0,0.0,60,90,60.0,90.0,0.0,0.2,S,Singh
T Natarajan,6.0,76.0,115.0,9.08,2.0,0.0,0.0,38,57.5,38.0,57.5,0.0,0.3333333333333333,T,Natarajan
TP Sudhindra,3.0,74.0,136.0,11.03,1.0,0.0,0.0,74,136,74.0,136.0,0.0,0.3333333333333333,T,Sudhindra
Tabraiz Shamsi,4.0,96.0,147.0,9.19,3.0,0.0,0.0,32,49,32.0,49.0,0.0,0.75,T,Shamsi
Tejas Baroka,1.0,21.0,33.0,9.43,0.0,0.0,0.0,0,0,0.0,0.0,0.0,0.0,T,Baroka
Thilan Thushara,6.0,144.0,161.0,6.71,8.0,0.0,0.0,18,20.13,18.0,20.125,0.0,1.3333333333333333,T,Thushara
Thisara Perera,36.0,715.0,1016.0,8.53,31.0,0.0,0.0,23.06,32.77,23.06451612903226,32.774193548387096,0.0,0.8611111111111112,T,Perera
Tillakaratne Dilshan,25.0,275.0,366.0,7.99,5.0,0.0,0.0,55,73.2,55.0,73.2,0.0,0.2,T,Dilshan
Tim Southee,37.0,859.0,1175.0,8.21,27.0,0.0,0.0,31.81,43.52,31.814814814814813,43.51851851851852,0.0,0.7297297297297297,T,Southee
Tirumalasetti Suman,11.0,152.0,197.0,7.78,6.0,0.0,0.0,25.33,32.83,25.333333333333332,32.833333333333336,0.0,0.5454545454545454,T,Suman
Tom Curran,5.0,61.0,118.0,11.61,6.0,0.0,0.0,10.17,19.67,10.166666666666666,19.666666666666668,0.0,1.2,T,Curran
Travis Head,5.0,48.0,81.0,10.13,2.0,0.0,0.0,24,40.5,24.0,40.5,0.0,0.4,T,Head
Trent Boult,28.0,666.0,957.0,8.62,33.0,0.0,0.0,20.18,29,20.181818181818183,29.0,0.0,1.1785714285714286,T,Boult
Tymal Mills,5.0,107.0,153.0,8.58,5.0,0.0,0.0,21.4,30.6,21.4,30.6,0.0,1.0,T,Mills
Tyron Henderson,2.0,36.0,40.0,6.67,1.0,0.0,0.0,36,40,36.0,40.0,0.0,0.5,T,Henderson
Umar Gul,6.0,153.0,184.0,7.22,12.0,1.0,0.0,12.75,15.33,12.75,15.333333333333334,0.16666666666666666,2.2,U,Gul
Umesh Yadav,107.0,2333.0,3125.0,8.04,111.0,2.0,0.0,21.02,28.15,21.01801801801802,28.153153153153152,0.018691588785046728,1.0380952380952382,U,Yadav
Varun Aaron,40.0,895.0,1219.0,8.17,38.0,0.0,0.0,23.55,32.08,23.55263157894737,32.078947368421055,0.0,0.95,V,Aaron
Veer Pratap Singh,9.0,211.0,296.0,8.42,10.0,0.0,0.0,21.1,29.6,21.1,29.6,0.0,1.1111111111111112,V,Singh
Venugopal Rao,20.0,222.0,337.0,9.11,6.0,0.0,0.0,37,56.17,37.0,56.166666666666664,0.0,0.3,V,Rao
Vidyut Sivaramakrishnan,1.0,13.0,22.0,10.15,1.0,0.0,0.0,13,22,13.0,22.0,0.0,1.0,V,Sivaramakrishnan
Vijay Shankar,5.0,36.0,77.0,12.83,1.0,0.0,0.0,36,77,36.0,77.0,0.0,0.2,V,Shankar
Vikram Singh,18.0,371.0,542.0,8.77,12.0,0.0,0.0,30.92,45.17,30.916666666666668,45.166666666666664,0.0,0.6666666666666666,V,Singh
Vikramjeet Malik,13.0,212.0,261.0,7.39,6.0,0.0,0.0,35.33,43.5,35.333333333333336,43.5,0.0,0.46153846153846156,V,Malik
Vikrant Yeligati,2.0,32.0,59.0,11.06,0.0,0.0,0.0,0,0,0.0,0.0,0.0,0.0,V,Yeligati
Vinay Kumar,104.0,2175.0,2966.0,8.18,105.0,1.0,0.0,20.71,28.25,20.714285714285715,28.247619047619047,0.009615384615384616,1.0097087378640777,V,Kumar
Virat Kohli,26.0,264.0,368.0,8.36,4.0,0.0,0.0,66,92,66.0,92.0,0.0,0.15384615384615385,V,Kohli
Virender Sehwag,15.0,138.0,235.0,10.22,6.0,0.0,0.0,23,39.17,23.0,39.166666666666664,0.0,0.4,V,Sehwag
Washington Sundar,17.0,300.0,377.0,7.54,12.0,0.0,0.0,25,31.42,25.0,31.416666666666668,0.0,0.7058823529411765,W,Sundar
Wayne Parnell,26.0,601.0,701.0,7.0,26.0,0.0,0.0,23.12,26.96,23.115384615384617,26.96153846153846,0.0,1.0,W,Parnell
Wilkin Mota,7.0,75.0,97.0,7.76,4.0,0.0,0.0,18.75,24.25,18.75,24.25,0.0,0.5714285714285714,W,Mota
Yo Mahesh,17.0,359.0,499.0,8.34,21.0,1.0,0.0,17.1,23.76,17.095238095238095,23.761904761904763,0.058823529411764705,1.25,Y,Mahesh
Yogesh Nagar,8.0,72.0,125.0,10.42,4.0,0.0,0.0,18,31.25,18.0,31.25,0.0,0.5,Y,Nagar
Yusuf Abdulla,11.0,222.0,307.0,8.3,15.0,2.0,0.0,14.8,20.47,14.8,20.466666666666665,0.18181818181818182,1.4444444444444444,Y,Abdulla
Yusuf Pathan,81.0,1178.0,1407.0,7.17,42.0,0.0,0.0,28.05,33.5,28.047619047619047,33.5,0.0,0.5185185185185185,Y,Pathan
Yuvraj Singh,73.0,881.0,1077.0,7.33,36.0,2.0,0.0,24.47,29.92,24.47222222222222,29.916666666666668,0.0273972602739726,0.4788732394366197,Y,Singh
Yuzvendra Chahal,69.0,1509.0,1932.0,7.68,82.0,1.0,0.0,18.4,23.56,18.402439024390244,23.5609756097561,0.014492753623188406,1.1911764705882353,Y,Chahal
Zaheer Khan,99.0,2271.0,2782.0,7.35,102.0,1.0,0.0,22.26,27.27,22.264705882352942,27.274509803921568,0.010101010101010102,1.030612244897959,Z,Khan
